"Content,Label"
"ഇവനെ ഒതുക്കാനുള്ള ശ്രമം,negative"
"ബിജു നാരായണനെ ആശ്വസിപ്പിക്കാനാവാതെ സുഹൃത്തുക്കള്‍ ശ്രീലതയ്ക്ക് ആദരാഞ്ജലി നേര്‍ന്ന് സിനിമാലോകം,negative"
"നടൻ  അമിതാഭ്  ബച്ചൻ ആശുപത്രിയിൽ കരൾ  രോഗമെന്ന്  റിപ്പോർട്ട്   അമിതാഭ്ബച്ചൻ,negative"
"ബിഗില്‍ റിലീസ് തിയേറ്ററുകള്‍ വെട്ടിക്കുറച്ചത് ആന്‍റണി പെരുമ്പാവൂരോ സോഷ്യല്‍ മീഡിയയില്‍ പൊങ്കാല,negative"
"ബിജു മേനോന്‍ നോ പറഞ്ഞെങ്കില്‍ ഉപേക്ഷിച്ചേനെ  നെക്കുറിച്ച് ലാല്‍ ജോസിന്‍റെ വെളിപ്പടുത്തല്‍,negative"
"പോണ്‍ സിനിമകളില്‍ നിന്നും വലിയ സമ്പാദ്യമൊന്നും ഉണ്ടാക്കാനായിട്ടില്ലെന്ന് മിയ ഖലീഫ  --സിനിമ-നടി,negative"
"രാധിക ആപ്തെയ്ക്ക് വീണ്ടും പണി കിട്ടി പുതിയ സിനിമയിലെ കിടപ്പറ രംഗം പുറത്തുവന്നു,negative"
"റിലയന്‍സിന്റെ 'ഫസ്റ്റ് ഡേ ഫസ്റ്റ് ഷോ', മള്‍ട്ടിപ്ലക്‌സ് തിയേറ്ററുകളുടെ കച്ചവടം പൂട്ടുമോ,negative"
"അവതാറും നീല പെയിന്റും കാമറൂണും ഗോവിന്ദയ്ക്ക് മാനസിക അസ്വാസ്ഥ്യമെന്ന് സുഹൃത്തിന്റെ വെളിപ്പെടുത്തല്‍…,negative"
"കുട്ടി ന്യൂജന്‍ ഒക്കെയാ  പക്ഷെ ഇത്ര എടുത്തുചാട്ടം പാടില്ല യുവ നടിക്ക്  ഉപദേശവുമായി സലീം കുമാർ…,negative"
"പ്രഭാസിനിത് നഷ്ടക്കച്ചവടം, വമ്പന്‍ ഹൈപ്പ് കൊടുത്തിട്ടും സാഹോ പരാജയമായി,കളക്ഷന്‍ റിപ്പോര്‍ട്ട് ഇങ്ങനെ  -,negative"
"ഇതൊന്നും താങ്ങാന്‍ അമ്പിളിക്കാവില്ല അവളെ വെറുതെ വിടൂ വ്യാജവാര്‍ത്ത പ്രചരിപ്പിച്ചവരോട് ആദിത്യന്‍…,negative"
"പ്രളയ പശ്ചാത്തലത്തിലുളള സിനിമയ്ക്കായി സെറ്റിട്ട സ്ഥലം അക്ഷരാര്‍ത്ഥത്തില്‍ ദുരിതാശ്വാസ ക്യാമ്പായി…,negative"
"സ്റ്റേജ് ഷോയ്ക്കിടെ കുഴഞ്ഞ് വീണു അഭിനയമെന്ന് കാണികള്‍, കൊമേഡിയന്‍ കുഴഞ്ഞു വീണു മരിച്ചു,negative"
"കെജിഎഫില്‍ മകനെ മോശമായി ചിത്രീകരിക്കുന്നു ഷൂട്ടിംഗ് തടയണമെന്ന് യഥാര്‍ത്ഥ റോക്കിയുടെ അമ്മ  --യഷ്-കെജിഎഫ്,negative"
"ഇങ്ങനെ ചെയ്യാന്‍ നാണമില്ല, പോസ്റ്റര്‍ കോപ്പിയടി വിവാദത്തില്‍ കുടുങ്ങി നടി കങ്കണ,negative"
"കെന്നഡി ക്ലബ് - പറഞ്ഞ് പഴകിയ വഴിയെ തന്നെ ശൈലന്റെ റിവ്യു,negative"
"പൃഥ്വിരാജ് നഷ്ടപ്പെടുത്തിയ ബ്രഹ്മണ്ഡ സിനിമ തെലുങ്കില്‍ ലൂസിഫര്‍ ഉണ്ടെങ്കില്‍ നായകൻ മെഗാസ്റ്റാറോ…,negative"
"ഹൃദയമിടിപ്പ് സെറ്റിൽ മുഴുവൻ കേൾക്കാമയിരുന്നു ഇനി അച്ഛന്റെ സിനിമയിൽ ഇല്ല, തുറന്ന് പറഞ്ഞ് കല്യാണി…,negative"
"റിയാലിറ്റി ഷോയ്ക്കിടെ  പ്രമുഖഗായികയെ  ബലമായി ചുംബിച്ച് യുവഗായകൻ വീഡിയോ  പുറത്ത്    ഗായിക,negative"
"വീണ്ടും പ്രളയ ദുരന്തത്തില്‍ കേരളം സഹായത്തിന് വേണ്ടി ഒത്തൊരുമയോടെ മലയാള സിനിമാലോകവും  …,negative"
"ഷോലെയിലെ കൊള്ളക്കാരന്‍ കാലിയ, ബോളിവുഡ് നടന്‍ വിജു ഖോട്ടെ അന്തരിച്ചു   -,negative"
"ഹാപ്പി സര്‍ദാര്‍ ലൊക്കേഷനില്‍ നിന്നും ദുരനുഭവം വെളിപ്പെടുത്തലുമായി മാല പാര്‍വതി,negative"
"നടന്‍ ദേവന്റെ ഭാര്യ സുമ അന്തരിച്ചു പ്രശസ്ത സംവിധായകന്‍ രാമു കാര്യാട്ടിന്റെ മകളുമാണ് സുമ,negative"
"നീലച്ചടയനും കഞ്ചവും ഉപയോഗിക്കുന്നവർ ഇങ്ങനെ ചോദിക്കുമോ ട്രോളന്മാർ പൊളിയാണ്, മറുപടിയുമായി ഷെയ്ൻ…,negative"
"കഥാപാത്രം കുറേനാള്‍ വേട്ടയാടി ആ സീന്‍ ചെയ്യേണ്ടായിരുന്നുവെന്ന് തോന്നിയെന്നും സൈജു കുറുപ്പ് …,negative"
"അച്ഛൻ  വൈദ്യനാക്കാൻ  ആഗ്രഹിച്ചു എംജെ  സിനിമയുടെ വൈദ്യക്കാരനായി     മരണം സിനിമ,negative"
"മനസ്സ് അസ്വസ്ഥമാണ് കാപ്പാന്‍ പ്രമോഷനില്‍ നിന്നും സൂര്യ മാറി നില്‍ക്കുന്നതിന് പിന്നിലെ കാരണം ഇതോ…,negative"
"മകളേയും തന്നേയും ഉപദ്രവിക്കുന്നു പൊട്ടിക്കരഞ്ഞ് പരാതിയുമായി നടി പോലീസ് സ്‌റ്റേഷനില്‍,negative"
"ആംബുലന്‍സ് ലഭിച്ചില്ല,  ഗർഭിണിയായിരുന്ന പ്രമുഖ നടിയ്ക്കും കുഞ്ഞിനും ദാരുണാന്ത്യം,negative"
"നിങ്ങളുടെ ജീവിതത്തിലെ  വില്ലനല്ല ഞാൻ ജീവിതത്തിൽ  നിന്നു പോകുന്നു, ലൈവിൽ പൊട്ടിക്കരഞ്ഞ് നടി ,negative"
"ചലച്ചിത്ര മേഖലയില്‍ നിലനില്‍ക്കുന്ന സ്ത്രീ-പുരുഷ അസമത്വം നിരാശജനകമാണ് തുറന്നുപറഞ്ഞ് പ്രിയാമണി  -പ്രിയാമണി,negative"
"എല്ലാവരും ചെയ്യുന്നുണ്ട് എന്നാൽ ആരും സമ്മതിക്കുന്നില്ല,  ആ സർജറി ദുരന്തമാണെന്ന്  പറയുന്നവരോട് നടി,negative"
"ആ കഥാപാത്രത്തെ ഏറ്റെടുത്തപ്പോള്‍ ടെന്‍ഷനായിരുന്നു തണ്ണീര്‍മത്തനെക്കുറിച്ച് വിനീത് ശ്രീനിവാസന്‍,negative"
"സിനിമ തിരഞ്ഞെടുക്കുന്ന രീതി ശരിയല്ല ചോല പിന്‍വലിക്കുന്നുവെന്ന് സംവിധായകന്‍ കുറിപ്പ് വൈറല്‍,negative"
"ചെങ്ങഴി നമ്പ്യാരാവാന്‍ ടൊവിനോ തോമസ് ഇല്ല ചിത്രത്തില്‍ നിന്നും താരം പിന്‍മാറി കാരണം ഇതോ,negative"
"യുടെ ശാപം ആണ്,negative"
"തീട്ട സംഘടനാ നീ അഭിനയിക്,negative"
"മക്കളില്ലാത്ത ആളാണ് ഞാന്‍, എനിക്കിനി മക്കള്‍ വേണ്ട വികാരധീനനായി നടന്‍ സാജു നവോദയ,negative"
"ഇതെന്റെ അവസാന ചിത്രം സിഡു മോൻ അഭിനയം നിർത്തു, വേദനയോടെ കാരണം വെളിപ്പെടുത്തി താരം ,negative"
"ഒരു ആണും പെണ്ണും ഒന്നിച്ചിരുന്നാല്‍ മതി, സദാചാര പോലീസിങ് എല്ലായിടത്തുമുണ്ടെന്ന് ഷൈന്‍ ടോം ചാക്കോ,negative"
"നടി ഭാനുപ്രിയയ്ക്കെതിരെ  ജുവനൈല്‍ വകുപ്പുകളില്‍ കേസ് കൂടുതൽ  ചോദ്യം ചെയ്യൽ ചെന്നൈയിൽ,negative"
"നാണംകെട്ടവനേ, അച്ഛനും അമ്മയും ഫോളോ ചെയ്യുന്നുണ്ട് വിര്‍ജിനാണോയെന്ന് ചോദിച്ചപ്പോള്‍ നടന്‍ പറഞ്ഞത്,negative"
"അജിത്തിന്റെ പുതിയ ചിത്രത്തില്‍ താനില്ലെന്ന് നസ്രിയ ഗോസിപ്പുകള്‍ തളളി താരം  ,negative"
"കാജള്‍ അഗര്‍വാള്‍ ആവശ്യപ്പെട്ട പ്രതിഫലം കേട്ട് സംവിധായകന്‍ ഞെട്ടി, അവസരം മുതലെടുത്തതോ …,negative"
"പല്ലുകൊഴിഞ്ഞ സൂപ്പർതാരങ്ങളും പല്ല് മുളയ്ക്കാത്ത യുവതാരങ്ങളും — ശൈലന്റെ റിവ്യൂ,negative"
"അനു സിത്താര, റിമി ടോമി, ഭാമ, നായികമാരെ വിളിച്ച് സനൂപിന്റെ പേരില്‍ വ്യാജ സല്ലാപം പ്രതി അറസ്റ്റില്‍…,negative"
"ഇത്രയും  വിചാരിച്ചില്ല നടി ദീപിക പദികോണിനെതിരെ രൂക്ഷ വിമർശനവുമയി പ്രേക്ഷകർ, …,negative"
"അമല പോളിന്‍റെ അതേ ദുര്‍വിധി സൂര്യയ്ക്കും കാപ്പാനായി കാത്തിരിക്കുന്നവരെ നിരാശപ്പെടുത്തുമോ …,negative"
"അമല പോളിന്‍റെ അതേ ദുര്‍വിധി സൂര്യയ്ക്കും കാപ്പാനായി കാത്തിരിക്കുന്നവരെ നിരാശപ്പെടുത്തുമോ …,negative"
"മഞ്ജു പത്രോസിന്റെ ചിത്രങ്ങള്‍ മോശം രീതിയില്‍ പ്രചരിപ്പിച്ചു,പരാതിയില്‍ അറസ്റ്റ്  --നടി-സിനിമ,negative"
"ഇഷ്ടപ്പെടാത്ത കാര്യങ്ങള്‍ ചെയ്തിട്ടുണ്ട് പോണ്‍ മേഖലയിലേക്ക് പോയതോടെ സ്വകാര്യത പോയെന്നും മിയ ഖലീഫ…,negative"
"ലതാ മങ്കേഷ്‌കറുടെ നില അതീവ ഗുരുതരം വെന്റിലേറ്ററില്‍,negative"
"കാര്യം കൈവിട്ട് പോയപ്പോ ചെക്കന് പേടിയായി ഇനി എന്ത് പറഞ്ഞിട്ടും കാര്യമില്ല ഭായ്   കോടി കൊടുത്താൽ ഇനി ഭായിക്ക് അഭിനയിക്കാം  എന്തൊക്കെ ബഹളം ആയിരുന്നു   ലക്ഷം  ലക്ഷം ഒരു കോടി  ഒടുക്കം പവനായി ശവമായി,negative"
"കാര്യം കൈവിട്ട് പോയപ്പോ ചെക്കന് പേടിയായി ഇനി എന്ത് പറഞ്ഞിട്ടും കാര്യമില്ല ഭായ്   കോടി കൊടുത്താൽ ഇനി ഭായിക്ക് അഭിനയിക്കാം  എന്തൊക്കെ ബഹളം ആയിരുന്നു   ലക്ഷം  ലക്ഷം ഒരു കോടി  ഒടുക്കം പവനായി ശവമായി,negative"
"എന്തെക്കെ ആയാലും ചിയാൻ വിക്രമിന്റെ കൂടെ  ചെയ്യണം അവരുടെ അടുത്ത പ്ലാൻ അത് തടയൽ ആയിരിക്കും ജോബി    അതോണ്ട് അവന്മാർ ഇതിലും     ഒപ്പം നിന്ന് കാലുവരില്ല തമിഴന്  മാര് പിന്നെ വിക്രം ഉണ്ടല്ലോ ആളുടെ   മകൻ അല്ലെ ഷെയിൻ മച്ചാൻ ആഹ്ഹ് സ്നേഹം ഉണ്ടാക്കും വിക്രത്തിനു അതോണ്ട് മോനെ ൻ  ജോബി മലയാളികളുടെ ജന്മസിദ്ധമായ ആഹ്ഹ് കുത്തിതിരിപു  കൊണ്ട് ചെന്നേക്കല്ലേ വിക്രം തല അടിച്ചു ഓട്ടയാക്കും നീ ശ്രെധിച്ചോ ചെക്കൻ തമിഴ്ലും  വേരുറപ്പിക്കും അതിന്റ കുശുമ്പഉം ഉണ്ട് ജോബി മോനും ടീമിനും പിന്നെ ഏതോ ഒരു ശക്തി കൂടി ഉണ്ട് പ്രകൃതി അത് തെളിയിലും,negative"
"പടം ഒരു ദുരന്തം,negative"
"പടം ഒരു ദുരന്തം,negative"
"തിലകൻ്റെ അഭിനയ ശേഷി കഴിഞ്ഞു എന്ന് പറഞ്ഞ് വിലക്കിയ ടിംസാ ഒപ്പം നിൽക്കേണ്ടതിന് പകരം പുകമറ സൃഷ്ടിച്ച് ഇല്ലാതാക്കാൻ ശ്രമിക്കുന്നത് പിന്നെ ട്രാപ്പിൽ പെടുത്തി ഓഡിയോ പുറത്തു വിട്ട മഹാന്മാർക്ക് നല്ല നമസ്കാരം,negative"
"തിലകൻ്റെ അഭിനയ ശേഷി കഴിഞ്ഞു എന്ന് പറഞ്ഞ് വിലക്കിയ ടിംസാ ഒപ്പം നിൽക്കേണ്ടതിന് പകരം പുകമറ സൃഷ്ടിച്ച് ഇല്ലാതാക്കാൻ ശ്രമിക്കുന്നത് പിന്നെ ട്രാപ്പിൽ പെടുത്തി ഓഡിയോ പുറത്തു വിട്ട മഹാന്മാർക്ക് നല്ല നമസ്കാരം,negative"
"മുപ്പത് കോടി ടിനീടോമിന്  ഒന്ന് പോടാ,negative"
"പടം കണ്ടു മോശം,negative"
"പടം കണ്ടു മോശം,negative"
"എടോ പൈസക്കില്ല സ്‌ക്രീൻ കണ്ടാലറിയാം ചണ്ടി ചൈന വാങ്ങി പുച്ഛം,negative"
"എടോ പൈസക്കില്ല സ്‌ക്രീൻ കണ്ടാലറിയാം ചണ്ടി ചൈന വാങ്ങി പുച്ഛം,negative"
"ഒരു മൈരും അറിയില്ല എന്നാലും റിവ്യൂ ചെയ്‌യും പയ്യന്റെ പേര് ഞങ്ങള് പറഞ്ഞു തരണോ കൊടം പോടാ ഇറങ്ങി ആദ്യം പോയി പടം കാണ്,negative"
"നിന്റെ ടീസർ ട്രയിലർ ക്ലച്ച് ആക്കുന്നില്ലല്ലോ,negative"
"നിന്റെ ടീസർ ട്രയിലർ ക്ലച്ച് ആക്കുന്നില്ലല്ലോ,negative"
"കൂടത്തായിയിൽ ജോളി കൊന്ന ആൾക്കാരുടെ ആത്മാക്കൾ അലഞ്ഞു തിരിഞ്ഞു നടക്കുന്നു   വാളയാർ പെൺകുട്ടികളുടെ ഘാതകർ എവിടെ    പെരുമ്പാവൂരിൽ ഒരു പെണ്ണിനെ ഏതോ ഒരു കഞ്ചാവ് മൃഗീയമായി കൊന്നു     വില ഇതൊക്കെയാണ് മലയാളികളുടെ വാർത്തകൾ സാദാരണക്കാരന്റെ ജീവിതത്തെ ബാധിക്കുന്ന കാര്യങ്ങൾ അല്ലാതെ ഷൈൻ നിഗം തല മൊട്ടയടിച്ചതല്ല,negative"
"കാണാൻ പോകുന്നവരെ വെറുപ്പിക്കല്ലേ     എന്തായാലും,negative"
"കാണാൻ പോകുന്നവരെ വെറുപ്പിക്കല്ലേ     എന്തായാലും,negative"
"ഷൈൻ എന്ത് തെറ്റ് ആരോട് ചെയ്തു എന്നാണ് പറയുന്നത് നീയൊക്കെ ഒരു കാര്യം മനസ്സിലാക്കണം ഒരു വോയിസ്‌ ക്ലിപ്പിന്റെ  നീയിതൊക്കെ പറയുന്നേ അതിന്റെ ഒക്കെ പിന്നിലെ കളികളൊന്നും ആർക്കും മനസ്സിലാക്കൂല അവൻ അങ്ങനെ പറയാനുനുമുണ്ടാവും ഒരു കാരണം സത്യാവസ്ഥ അറിയാതെ തുള്ളല്ലേ,negative"
"ഇവന്റെ തിന്നട്ടു എല്ലിന്റെ ഇടയിൽ കയറിയതാണ് കേരളത്തിലെ വലിയ പ്രശനം ഉപ്പുതൊട്ട് കർപ്പൂരം വരെ വിലകൂടി ജനങ്ങളുടെ ജീവിതം ദുസ്സകം ആണ് അത് പരിഹരിക്കാൻ ആരുമില്ല അപ്പോഴാണ് ഇവന്റെ കോപ്പിലെ കാര്യം,negative"
"ജോബി ചേട്ടാ   ചേട്ടൻ ഒരുപാട് ബിസിനസ് ചെയ്തിട്ടുണ്ടാവും  പല കളിയും കളിച്ചിട്ടും ഉണ്ടാവും പക്ഷേ അത് ഇവിടെ ഈ സിനിമ രംഗത്ത് ഇറക്കരുത്  ഇവിടെ കഴിവുള്ളവൻ നിൽക്കും  അത് ഒരുത്തനും തടുക്കാൻ പറ്റില്ല നിങ്ങൾ ഈ പയ്യനെ കഞ്ചാവ് എന്നോ എന്തു പറഞ്ഞു മുദ്രകുത്തി ആയാലും ശരി  ഈ പയ്യൻ നേര് ഉള്ള ഒരാളാണ് അത് എല്ലാവർക്കും അറിയാം,negative"
"പെടുക്കളെ നീയൊന്നും സപ്പോർട്ട് ചെയ്യണ്ട ചിത്ത വിളിക്കേണ്ട ഇറങ്ങി പോകാമോ  വശം ഉണ്ട്  പേരുടെ ഭാഗത്തു ന്യായം ഉണ്ട് ഒന്നും അറിയാതെ ഷൈന് തെറി വിളി ഇപ്പൊ പ്രൊഡ്യൂസർ തെറി വിളി,negative"
"നിന്റെ പാരമ്പര്യം എനിക്കില്ലഡാ  മോഞ്ഞേ മര്യധയ്ക്ക് കമന്റ്‌ ചെയ്യണം,negative"
"ടാ തായോ ളി  നിന്റെ വീട്ടിലെ  തലമുറ മുൻപുള്ളവരെ പറ്റി അന്വേഷിക്ക്  ആര് ആർക്കുകൂട്ടിക്കൊടുത്ത വകയിലാണ് നി ഉണ്ടായതെന്ന് നിനക്കു തന്നെ മനസിലാകും  അല്ലാതെ അറബി നേരിട്ടു വന്ന് ഓത്തിറക്കിയ തൊന്നുമല്ലല്ലോ നിന്നെ,negative"
"സിനിമാ നിർമ്മാണത്തിൽ  ശക്തമായ നിരീക്ഷണം നടത്തണം കൊള്ളപലിശ  കള്ളക്കടത്ത്  പെൺവാണിഭ  മയക്കു മരുന്ന് ലോബിയുടെ ബിനാമി നിർമ്മാതാക്കളെ പൊക്കണം,negative"
"ആരാ പറഞ്ഞെ ഇവന് സംസാരിക്കാൻ അറിയില്ല എന്ന് പറഞ്ഞത് ഇതൊക്കെ മുന്നേ പറഞ്ഞാൽ പോരെ  സോഷ്യൽ മീഡിയയിൽ കിടന്നു കോപ്രായം കാണിക്കാൻ നിക്കാതെ,negative"
"ലളിത യുടെ റോൾ ഇഷ്ട്ടമായവർ ഇവിടെ  അടിക്ക്,negative"
"ഈ സിനിമയിലെ ഏറ്റവും വലിയ ഒരു പോരായ്മ എന്ന് പറയാവുന്നത് എല്ലാ കഥാപാത്രങ്ങളും ഒരു തണുത്ത മട്ടിലാണ് നീങ്ങുന്നത് വില്ലനായാലും നായകനായാലും എന്നുവേണ്ട എല്ലാവരും ഒരു തണുപ്പാണ് അതുകൊണ്ടാണ് ഈ സിനിമ ശ്രദ്ധിക്കപ്പെടാതെ പോയത് എന്നാൽ  ഇന്ന് നടക്കുന്ന കാര്യമാണ് ഈ സിനിമയിലൂടെ സംവിധായകൻ ജനങ്ങളിലേക്കെത്തിക്കാൻ ശ്രമിച്ചത് പക്ഷേ അത് അത്രകണ്ട് അത് വിജയിച്ചില്ല,negative"
"അത് ചീറ്റിപ്പോയി കളയാൻ കാശുള്ളവർക്കു പോയി കാണാം എന്റെ കാശ് പോയി ഗുയ്സ്‌,negative"
"നീ മണ്ടനാണോ അതോ മമ്മൂട്ടി ഫാനാണോ ഞാൻ ഒന്ന് പറയുന്നു നീ മറ്റെന്തോ പറയുന്നു,negative"
"നീ മണ്ടനാണോ അതോ മമ്മൂട്ടി ഫാനാണോ ഞാൻ ഒന്ന് പറയുന്നു നീ മറ്റെന്തോ പറയുന്നു,negative"
"ഡേയ് കാലും പൊളിച്ചിരുന്ന തള്ളയുടെ  കള്ള വെടികളുടെ   എടുക്കേണ്ട ഗതികേട് നിനക്ക് മാത്രമേ ഒള്ളു  വേറെ ആർക്കും ഇല്ല  എല്ലാവരും അങ്ങനെ ആണെന്ന് കരുതരുത്,negative"
"സിനിമയെക്കുറിച്ചും നമ്മളുടെ നടന്മ്മാരെക്കുറിച്ചും പറയാനോ  അവര്ക് മാർക്ക്‌ ഇടണോ ഉള്ള യോഗ്യത നിങ്ങൾക് ഉണ്ടോയെന്നു സ്വയം വിലയിരുത്തുക മറ്റുള്ളവരുടെ കഞ്ഞിയിൽ പാറ്റ ഇട്ടേച്ചു സ്വന്തമായി ബിരിയാണി കഴിക്കുന്ന കൊണോത്തിലെ പരുപാടി ആണ് ഇ പടത്തിനു റിവ്യൂ ഇടുന്നത് ഇഷ്ടമുള്ളവർ പോയ്‌ പടം കാണട്ടെ കൊള്ളാമെങ്കിൽ പടം വിജയിക്കട്ടെ,negative"
"എന്തെങ്കിലും പറഞ്ഞാൽ കഞ്ചാവ്  ഈ പാവത്തിന് ഒതുക്കാൻ നോക്കിയത് ആണല്ലോ,negative"
"ഇവൻ ആദ്യം ചെയ്ത ലൈവ് കണ്ടപ്പോ പക്യത ഇല്ലാത്ത പെരുമാറ്റമായ് തോന്നി,negative"
"അല്ല ഒതുക്കാൻ മാത്രം അബി എന്താണ് തെളിയിച്ചിട്ടുള്ളത് എടുത്തു പറയത്തക്ക പ്രശസ്തി നേടിയ ഒരു സിനിമ കഥാപാത്രമെങ്കിലും അങ്ങേർക്കുണ്ടോ ചുമ്മാതങ്ങു തള്ളിവിട്ടാൽ മതിയല്ലോ അബിയെ ഒതുക്കി പോലും കഴിവുള്ളവനാണെങ്കിൽ കയറി വരും അല്ലാത്തവർ പിന്നിലാകും അത് സ്വാഭാവികമാണ് അതിന് എല്ലാരും ചേർന്ന് ഒതുക്കിയെന്നൊക്കെ പറഞ്ഞു മോങ്ങിട്ട് കാര്യമില്ല,negative"
"അല്ല ഒതുക്കാൻ മാത്രം അബി എന്താണ് തെളിയിച്ചിട്ടുള്ളത് എടുത്തു പറയത്തക്ക പ്രശസ്തി നേടിയ ഒരു സിനിമ കഥാപാത്രമെങ്കിലും അങ്ങേർക്കുണ്ടോ ചുമ്മാതങ്ങു തള്ളിവിട്ടാൽ മതിയല്ലോ അബിയെ ഒതുക്കി പോലും കഴിവുള്ളവനാണെങ്കിൽ കയറി വരും അല്ലാത്തവർ പിന്നിലാകും അത് സ്വാഭാവികമാണ് അതിന് എല്ലാരും ചേർന്ന് ഒതുക്കിയെന്നൊക്കെ പറഞ്ഞു മോങ്ങിട്ട് കാര്യമില്ല,negative"
"ഇവൻ ഇത് എന്ത് തേങ്ങായാ പറയണേ,negative"
"ഇവൻ ഇത് എന്ത് തേങ്ങായാ പറയണേ,negative"
"കോപ്പ്,negative"
"കോപ്പ്,negative"
"അഭിജിത്തിന് സിനിമയെ പറ്റി വലിയ ധാരണയൊന്നുമില്ലെന്ന് തോന്നുന്നു,negative"
"വർത്തമാനം പറയാത്ത ഈ ഭൂതത്തിന്റെ കൈയിലാണ് നമ്മുടെ ഭാവി,negative"
"ആരും ചെക്കനെ തെറി പറയേണ്ട ഉണ്ട് യൂട്യൂബിൽ കയറി റിവ്യൂ പറയാൻ ഏതു പൊട്ടനും പറ്റും അതിനൊരു യോഗ്യത ഒന്നും വേണ്ട ആരും തെറി ഒന്നും പറയണ്ട വിട്ടേക്ക് വീട്ടിലെ ചൊറിയും കുത്തിയിരിക്കുമ്പോൾ  കുഴപ്പം എന്തെങ്കിലുമൊക്കെ ചെയ്യേണ്ടേ ഏ അതായത് കരുതിയാ മതി ഏതു മണ്ടൻ വേണമെങ്കിലും യൂട്യൂബിൽ വീട് വീഡിയോ ഇടാം അത് ആരും മറക്കരുത്,negative"
"ആരും ചെക്കനെ തെറി പറയേണ്ട ഉണ്ട് യൂട്യൂബിൽ കയറി റിവ്യൂ പറയാൻ ഏതു പൊട്ടനും പറ്റും അതിനൊരു യോഗ്യത ഒന്നും വേണ്ട ആരും തെറി ഒന്നും പറയണ്ട വിട്ടേക്ക് വീട്ടിലെ ചൊറിയും കുത്തിയിരിക്കുമ്പോൾ  കുഴപ്പം എന്തെങ്കിലുമൊക്കെ ചെയ്യേണ്ടേ ഏ അതായത് കരുതിയാ മതി ഏതു മണ്ടൻ വേണമെങ്കിലും യൂട്യൂബിൽ വീട് വീഡിയോ ഇടാം അത് ആരും മറക്കരുത്,negative"
"ഇത് കണ്ടു കഴിഞ്ഞു ഞാൻ തലയിൽ ശെരിക്കു എണ്ണ തേച്ചു ചൂടുവെള്ളത്തിൽ കുളിച്ച് അല്ലെങ്കിൽ എനിക്കും വട്ടു പിടിക്കും,negative"
"ഇത് കണ്ടു കഴിഞ്ഞു ഞാൻ തലയിൽ ശെരിക്കു എണ്ണ തേച്ചു ചൂടുവെള്ളത്തിൽ കുളിച്ച് അല്ലെങ്കിൽ എനിക്കും വട്ടു പിടിക്കും,negative"
"അറിയില്ലാത്ത  കാര്യങ്ങളിൽ  കൊണകരുത്   കണക്  പോലും  ഇതോടെ  നിർത്തി  നിന്റെ  ചാനൽ  കാഴ്ച,negative"
"ജോബി മോനേ ടാ ചെറുക്കാ മുതലെടുക്കണയാണോ നീ ഇതൊന്നും അത്ര നല്ലതല്ല കേട്ടോ,negative"
"ജോബി മോനേ ടാ ചെറുക്കാ മുതലെടുക്കണയാണോ നീ ഇതൊന്നും അത്ര നല്ലതല്ല കേട്ടോ,negative"
"കാണാൻ ഭംഗി ഇല്ല ഐഫോണിനു താഴെ ഇത്ര ബേസിൽ ഇല്ല,negative"
"കാണാൻ ഭംഗി ഇല്ല ഐഫോണിനു താഴെ ഇത്ര ബേസിൽ ഇല്ല,negative"
"പടം എല്ലാവരും കാണാതിരുന്നാൽ മതി,negative"
"എന്ത് ഊളയാടൊ താന്‍   കോടി പോലും,negative"
"പോടാ പോടാ,negative"
"പോടാ പോടാ,negative"
"വലിയ പ്രീതിക്ഷ വെക്കേണ്ട പടം ഫുൾ ലാഗ് ആണ്  ശോകം ഇക്കയെ ഇടക്ക് മിന്നായം പോലെ കണ്ടു മൊത്തത്തിൽ അമിത പ്രിതീക്ഷ ഇല്ലാതെ പോയാൽ ഒരു തവണ വേണമെങ്കിൽ കാണാം,negative"
"സവാളയ്ക്കും ഉള്ളിക്കും എന്താ വില ജീവിക്കാൻ പറ്റണില്ല,negative"
"പോടാ ഉളെ,negative"
"പോടാ ഉളെ,negative"
"ഇതൊരു വികാര പ്രകടനം മാത്രമാണ് ഇവൻ ചെയ്തത് ചെറ്റ തെരത്തിന്റെ അങ്ങേ അറ്റം ആണ്  എന്തു കാരണം പറഞ്ഞു ന്യായീകരിക്കാനനും സാധിക്കില്ല അതു മനസ്സിലാകാതെ കമന്റ്‌  ഇടല്ലേ പ്ലീസ്,negative"
"ഈ ഫോണിന്റെ പോരായ്മകൾ എന്താ പറയാതിരുന്നത്   ഉപയോഗിക്കാൻ പറ്റാത്തത് ഒരു വലിയ പോരായ്മ തന്നെയാണ്,negative"
"ഈ പൂറീ മോന്റെ ഒരു പടവും ഞാൻ കാണില്ല ലാലേട്ടനും മമ്മുക്കയും ഉണ്ടാകുമ്പോൾ ഈ അഹങ്കാരി വീട്ടിൽ ഇരിക്കട്ടെ,negative"
"തായോളി ലാലപ്പൻ മൂഞ്ചി,negative"
"തായോളി ലാലപ്പൻ മൂഞ്ചി,negative"
"ഇവന്മാരുടെ സംഘടന ഉടായിപ്പാന്ന്,negative"
"ഇവന്മാരുടെ സംഘടന ഉടായിപ്പാന്ന്,negative"
"ഇവന്മാരുടെ സംഘടന ഉടായിപ്പാന്ന്,negative"
"തമിഴ് നാട്ടില്‍ ഇതൊന്നും ഇപ്പൊ ചിലവ് ആകില്ല,negative"
"നീയൊക്കെയാണെടാ മലയാള സിനിമയെ നശിപ്പിക്കുന്നത്,negative"
"നീയൊക്കെയാണെടാ മലയാള സിനിമയെ നശിപ്പിക്കുന്നത്,negative"
"ഇവൻ ആള് കൊള്ളാമലോടഅതുപ്പോ പുറത്തുകാണിക്കേണ്ട അവൻ തലയിൽകയറി തുറും,negative"
"രൂപ പോയി,negative"
"രൂപ പോയി,negative"
"ഊളത്തരം പറയരുത്,negative"
"അവന്റെ ചത്തുപോയ അപ്പൻ അബി,negative"
"ഇവനാരാ ഹോളിവുഡ് നടനോ  ഒന്ന് പോ മയിരേഇനി നിങളെന്നും ഒന്നുമല്ല ഞങ്ങൾ തീരുമാനിക്കും പലതും ഇവനെക്കാൾ മുൻപും പലരും ഇതേ സ്വഭാവമുണ്ടായിരുന്നു  ക്ഷമിക്കുന്നതിന് പരിധിയുണ്ട് ഒന്ന് മുട്ടി നോക്ക്  ഒറിജിനൽ കൈ തഴക്കവും നല്ല ജയലുണ്ടയും കിട്ടും  ഒരു മരുന്നുമില്ലാതെ,negative"
"നാക്ക് വടിക്കടെ പോയി,negative"
"മൂഞ്ചി,negative"
"മൂഞ്ചി,negative"
"ദുരന്തം അനു സിത് ഉണ്ടെന്ന് അറിഞ്ഞപ്പലെ തോന്നി  പടം കണ്ട്  ൽ,negative"
"ടോ തോന്നിയത് പോലെയാണോ  തമ്പാനായിൽ കൊടുക്കുന്നത്,negative"
"ഷെയിൻ പറയുന്നതിൽ തന്നെ മനസിലാവും മലയാള സിനിമയിൽ ഊളകൾ ഉണ്ട്   ആ ഊളകൾ ഷെയിനെ ഇട്ടു കൊല്ലാ കൊല ചെയ്യുകയാണെന്ന്,negative"
"ഇവിടെയും വർഗീയത സംഘി ചാണകം,negative"
"വെറുതെ ഒരു പടം പടം പോര,negative"
"വെറുതെ ഒരു പടം പടം പോര,negative"
"എന്താ ബ്രോ നിന്റ അമ്മയും അച്ഛനും ചത്തെന്നോ എന്നാ പറ്റിയതാ,negative"
"ഒരു പടത്തിനെ പറ്റി പറയാൻ വന്നാൽ അത് മാത്രം പറയാൻ ശ്രമിക്കുക ആദ്യത്തെ  മിനിട്ടോളം എന്ധോക്കയോ പറഞ്ഞു സമയം കളയുന്നു,negative"
"പോടെയ്,negative"
"ചാണകത്തിന് ഒരു പരിശുദ്ധി ഉണ്ട്എന്നാലും രാജസേനൻ തീട്ടത്തിൽ ചവിട്ടിയില്ലല്ലോ നിന്നെയൊക്കെ പോലെസിനിമയിലും രാഷ്ട്രിയം പറയാൻ വന്നിരിക്കുന്നു നാറികൾ തുഫ്,negative"
"എടാ പൊട്ടാ ആദ്യം സിനിമ കാണാൻ പോ എന്നിട്ടും മര്യാദയ്ക്ക് റിവ്യൂ ഇപ്പോൾ രണ്ടു മൂന്നു സിനിമയായി സിനിമ കാണാതെ ആണ് നീ അതു നിൻറെ സംസാരത്തിൽ എന്തിനാണ് ഈ ഊള പരിപാടി കാണിക്കണേ,negative"
"മറുനാടൻ പോലയാടി,negative"
"ചെയ്യാൻ അറിയില്ലെങ്കിൽ ചെയ്യരുത്,negative"
"ചെയ്യാൻ അറിയില്ലെങ്കിൽ ചെയ്യരുത്,negative"
"താനൊക്കെ എന്തു  ഊളൻ ആണ് വെറുതെ സൂപ്പർസ്റ്റാർ ഫാൻസ് നെ ചെക്കന് എതിരക്കരുത്  അവർ എന്തു ചെയ്തു  അവരുടെ സിനിമ   ആണെങ്കിൽ പോകുന്ന ലെവൽ  ഒന്നും ഒരു   എന്നു വരെ കിട്ടിയിട്ടില്ല  ഈ പ്രശ്നത്തിൽ അവരെ,negative"
"കണ്ട ഊളകൾ പറയുന്നത് കേട്ട് ചെക്കനെ കുറ്റപ്പെടുത്താത്ത ആരേലും ഉണ്ടേൽ ഒന്നിങ്ങു വന്നു ഉജാല മുക്കി പൊക്കോ,negative"
"ഒടിയന്റെ മഹാവിജയം കാവടി എടുത്ത് മുരുകന് നന്ദി പറഞ്ഞ് ശ്രീകുമാര്‍ മേനോന്‍  --,positive"
"മനസ്സ് അറിഞ്ഞു സ്‌നേഹിക്കുന്ന ഒരച്ഛന്‍, താരപുത്രന് സര്‍പ്രൈസ് സമ്മാനം നല്‍കി ആദിത്യന്‍ ജയന്‍,positive"
"ആക്ച്യൂലി അവന്‍ പാവമാണ് പെട്ടെന്ന് റിയാക്ട് ചെയ്യും ജൂഡ് ആന്റണിയുടെ പോസ്റ്റുകളെക്കുറിച്ച് വിനീത്…,positive"
"എങ്ക ആട്ടം വെറിത്തനമാ ഇറുക്കും തരംഗമായി ദളപതിയുടെ ബിഗില്‍ ട്രെയിലര്‍  മില്യണിലധികം കാഴ്ചക്കാര്‍…,positive"
"ജൂഹി രുസ്താഗിയുടെ ഏറ്റവും പ്രിയപ്പെട്ട സ്ഥലം ഉപ്പും മുളകിലെയും ലെച്ചുവിന്റെ വീഡിയോ വൈറല്‍ …,positive"
"ഓണം റിലീസില്‍ ചരിത്രം ആവര്‍ത്തിക്കുന്നു മോഹന്‍ലാലിനൊപ്പം നിവിനും പൃഥ്വിരാജുമടക്കമുള്ള യൂത്തന്മാര്‍…,positive"
"ദുല്‍ഖര്‍ സല്‍മാന്റെ വീട്ടിലേക്ക് പുതിയൊരു അതിഥി കൂടി വെെറലായി നടന്റെ ബിഎംഡബ്യൂ ചിത്രങ്ങള്‍,positive"
"മമ്മൂട്ടിയും മോഹന്‍ലാലും തകര്‍ത്തഭിനയിച്ച ബ്ലോക്ക്ബസ്റ്റര്‍ ട്വന്റി  പുറത്തിറങ്ങി  വര്‍ഷം…,positive"
"ഭാര്യക്കൊപ്പം റൊമാറ്റിക്  നൃത്തം ചെയ്ത്  കെജിഎഫ് താരം ഗലി ഗലി മേം വീഡിയോ വൈറൽ    കെജിഎഫ് യഷ്,positive"
"ശ്രീലങ്കൻ ക്രിക്കറ്റ് താരം മുത്തയ്യ മുരളീധരനായി വിജയ് സേതുപതി കൗതുകം സൃഷ്ടിച്ച് ചിത്രത്തിന്റെ പേര്…,positive"
"പോലീസുകാരായി വിനയ് ഫോര്‍ട്ടും സിജു വില്‍സണും വാര്‍ത്തകള്‍ ഇതുവരെയുടെ ട്രെയിലര്‍ പുറത്ത് …,positive"
"ഇപ്പോൾ  എന്റെ അവസ്ഥ മാറി  അന്ന്  ആത്മാവിശ്വാസം നൽകിയത്  അച്ഛൻ,തുറന്ന് പറഞ്ഞ് കല്യാണി …,positive"
"രസിപ്പിക്കുന്നു ഫയൽവാൻ; കിച്ചാ സുദീപ് ഫുൾ ചാർജിലാണ് — ശൈലന്റെ റിവ്യു,positive"
"ഉണ്ണി മുകുന്ദന്റെ ഭാര്യയായി അനു സിത്താര മാമാങ്കത്തിലെ കഥാപാത്രത്തിന്റെ സവിശേഷത പുറത്ത് വിട്ട് നടി…,positive"
"വർഷത്തിലൊരിക്കൽ  ദർശനം നൽകുന്ന പെരുമാളിനെ കാണാൻ രജനി,  വൻ താരങ്ങളുടെ പ്രവാഹം …,positive"
"നടി ശ്രീ രഞ്ജിനി വിവാഹിതായവുന്നു, തണ്ണീര്‍ മത്തന്‍ ദിനങ്ങളിലെ അശ്വതി ടീച്ചറിനെ ആരും മറക്കില്ല…,positive"
"ഹെയർ കംഫര്‍ട്ടബിളാണ്, ഏഴ് മുതൽ എട്ട് വരെ സ്റ്റഡുകൾ,  ലുക്കിന്‍റെ കാരണം വെളിപ്പെടുത്തി അപർണ്ണ…,positive"
"മികച്ച എന്‍ട്രി തന്നെ താന്‍ കാരണം സിനിമ മോശമാവരുതെന്ന ആഗ്രഹമുണ്ടായിരുന്നു മഞ്ജു വാര്യര്‍ …,positive"
"ജോജുവിനെ അഭിനന്ദിച്ച് മുഖ്യമന്ത്രി പിണറായി വിജയന്‍ ഇത് നാടിനോടുള്ള പ്രതിബദ്ധതയാണെന്ന്  മുഖ്യമന്ത്രി…,positive"
"ജോജുവിനെ അഭിനന്ദിച്ച് മുഖ്യമന്ത്രി പിണറായി വിജയന്‍ ഇത് നാടിനോടുള്ള പ്രതിബദ്ധതയാണെന്ന്  മുഖ്യമന്ത്രി…,positive"
"നൃത്തം ചെയ്ത് ക്ഷീണിച്ചു വന്ന നവ്യയ്ക്ക് മകന്‍ നല്‍കിയ സര്‍പ്രൈസ് വൈറലായി ചിത്രം  -നവ്യാനായര്‍,positive"
"മോഹന്‍ലാല്‍ ആരാധകരുടെ റെക്കോര്‍ഡ് തകര്‍ത്ത് മമ്മൂട്ടി ഫാന്‍സ് ട്വിറ്ററില്‍ മെഗാസ്റ്റാര്‍ തരംഗം…,positive"
"ആ ബെന്‍സ് കാര്‍ വിറ്റു ഇപ്പോള്‍ അതീവ സന്തോഷവതിയാണ് വിവാഹം കഴിക്കാനാഗ്രഹമുണ്ടെന്നും അമല പോള്‍   അമലപോള്‍,positive"
"ശരീരത്തിലെ കൊഴുപ്പ് കുറയ്ക്കാൻ  ബെല്ലി ഡാൻസ് ഇല്യാനയുടെ  ഡാൻസ് വൈറലാകുന്നു    ബോളിവുഡ് ഇല്യാന,positive"
"ഹിറ്റ് സംവിധായകന്മാരുടെ തിരിച്ച് വരവ് ഇതുവരെ കണ്ടതല്ല, ഇനി കാണാന്‍ ഇരിക്കുന്നതാണ് പൂരം,positive"
"തലകുത്തിനിന്ന് സാനിയ അയ്യപ്പന്റെ അഭ്യാസ പ്രകടനം വീഡിയോ ഏറ്റെടുത്ത് ആരാധകര്‍  -സാനിയഅയ്യപ്പന്‍,positive"
"വയസ് ഒരു  നമ്പർ മാത്രം പിറന്നാൾ ദിനത്തിൽ  മരണമാസ് ലുക്കിൽ മമ്മൂട്ടി, ആഘോഷമാക്കി  ആരാധകർ …,positive"
"പാത്തുവിന് സര്‍പ്രൈസ് ഒരുക്കി താരകുടുംബം ഇന്ദ്രജിത്ത് മാത്രം ഇല്ല, വീഡിയോ വൈറലാവുന്നു,positive"
"ജിം ട്രെയിനര്‍ സുഹൃത്ത് ആയാല്‍ ഇതൊക്കെയാണ് ഗുണം, കൈകുഞ്ഞുമായി നടി ശിവദയുടെ വര്‍ക്കൗട്ട് വീഡിയോ  ശിവദ,positive"
"തമിഴില്‍ മികച്ച് നില്‍ക്കുന്നതാര് ധനുഷും സൂര്യയുമെന്ന് ആരാധകന്‍, തെറ്റ് ചൂണ്ടി കാണിച്ച് നിരൂപകന്‍…,positive"
"ഗര്‍ഭിണിയായ ആരാധികയ്ക്ക് സര്‍പ്രൈസുമായി രണ്‍വീര്‍ സിംഗ് സ്വപ്‌നമാണ് സഫലമായതെന്ന് കിരണ്‍ …,positive"
"നിന്നെ ഓര്‍ക്കാത്ത ഒരു നിമിഷം പോലുമില്ല കാമുകന് ഹൃദയസ്പർശിയായ പിറന്നാൾ ആശംസയുമായി താരപുത്രി…,positive"
"സെറ്റില്‍ വാപ്പച്ചി ഗൗരവ്വക്കാരന്‍, വീട്ടില്‍ അങ്ങനെയല്ലഅജു വര്‍ഗീസിനെ കുറിച്ചും സിദ്ദിഖിന്റെ മകന്‍,positive"
"ആദ്യ ആഴ്ച  കോടി തെലുങ്കിലെ വിസ്മയ ചിത്രം ബോക്‌സോഫീസിനെ വിറപ്പിക്കുന്നു,positive"
"ആദ്യ ആഴ്ച  കോടി തെലുങ്കിലെ വിസ്മയ ചിത്രം ബോക്‌സോഫീസിനെ വിറപ്പിക്കുന്നു,positive"
"പൃഥ്വിയും നസ്രിയയും പാര്‍വ്വതിയും തകര്‍ത്തഭിനയിച്ച സിനിമ കൂടെ റിലീസ് ചെയ്ത് ഒരു വര്‍ഷം …,positive"
"സൂപ്പര്‍ താരത്തിന്റെ സിനിമ ചൈനയിലും ആദ്യദിനം തന്നെ കോടികള്‍ വാരിക്കൂട്ടി മാസ് കാണിച്ച് രജനികാന്ത്   --,positive"
"ലവ് ആക്ഷന്‍ ഡ്രാമയുടെ തിരക്കഥ എങ്ങനെയുണ്ട് വൈറലായി വിനീത് ശ്രീനിവാസന്റെ മറുപടി കാണൂ …,positive"
"ഒപ്പമുണ്ടാവണമെന്ന് ആഗ്രഹിച്ചിരുന്നു, കഴിഞ്ഞില്ല അമ്പിളി ദേവിക്ക് ആദിത്യന്റെ സ്‌നേഹാശംസ ഇങ്ങനെ…,positive"
"മാമാങ്കം ഹിന്ദി പതിപ്പിനായി ഡബ്ബ് ചെയ്ത് ഉണ്ണി മുകുന്ദന്‍ സന്തോഷം പങ്കുവെച്ച് നടന്‍ …,positive"
"മാമാങ്കം ഹിന്ദി പതിപ്പിനായി ഡബ്ബ് ചെയ്ത് ഉണ്ണി മുകുന്ദന്‍ സന്തോഷം പങ്കുവെച്ച് നടന്‍ …,positive"
"ഞാന്‍ എന്നെന്നും നിന്നോടൊപ്പമുണ്ട് നിക്ക് ഫോട്ടോഷാപ്പിലൂടെ നിക്കിനെ ആലിംഗനം ചെയ്ത് പ്രിയങ്ക ചോപ്ര,positive"
"ഫുള്‍ സസ്‌പെന്‍സ് നിറച്ച് അജു വര്‍ഗ്ഗീസിന്റെ കമല ട്രെയിലര്‍; മികച്ച ഛായാഗ്രഹണ ഭംഗി …,positive"
"കുഞ്ചാക്കോ ബോബന്റെ വീട്ടില്‍ മൂന്ന് കുഞ്ഞുങ്ങളോ ശിശുദിനത്തില്‍ ആശംസകള്‍കൊപ്പം സര്‍പ്രൈസ് ചിത്രവും…,positive"
"ഉറങ്ങുന്നത് നാല് മണിക്കൂര്‍ മാത്രം, അതില്‍ ഹാപ്പിയാണെന്ന് പ്രശസ്ത നയിക,positive"
"ടൊവിനോയുടെ കമന്‍റിന് മാസ്സ് മറുപടി നല്‍കി നീരജ് മാധവ് ഒപ്പം ചേര്‍ന്ന് കൗണ്ടറടിച്ച് പിഷാരടിയും…,positive"
"അവിയല്‍ ഇല്ലാതെ എന്ത് സദ്യ ബിജുമേനോന്‍ ചിത്രം ആദ്യരാത്രിയുടെ കിടിലന്‍ ടീസര്‍  -ബിജുമേനോന്‍-ആദ്യരാത്രി,positive"
"റിലീസ് ദിനം ആര്‍ട്ട് എക്‌സിബിഷനുമായി മൂത്തോന്‍ ടീം ആകാംക്ഷയോടെ ആരാധകര്‍  --,positive"
"ശ്യാം പുഷ്‌കരന്‍ മലയാള സിനിമയിലെ അതൂല്യ പ്രതിഭ അദ്ദേഹത്തിന്റെ വലിയ ആരാധകനാണ് താനെന്ന് പൃഥ്വിരാജ്‌…,positive"
"ജോഷിയുടെ പൊറിഞ്ചുവിന്‍റെ സ്വീകാര്യതയില്‍ അതിയായ സന്തോഷം കെ മധുവിന്‍റെ പോസ്റ്റ് വൈറലാവുന്നു…,positive"
"നിന്നോടൊപ്പമുള്ള ദിവസങ്ങളെല്ലാം ആഘോഷമാണെന്ന് ശ്രിനിഷ് പേളിക്കൊപ്പമുള്ള ദീപാവലി ആഘോഷം ഇങ്ങനെ…,positive"
"പിഷാരടിയും മമ്മൂട്ടിയും ചേര്‍ന്ന് മാതൃകയായി ഗാനഗന്ധര്‍വ്വന്റെ ഫ്‌ളക്‌സ് ഹോര്‍ഡിങ്ങുകള്‍ ഒഴിവാക്കി…,positive"
"ഉമ്മച്ചിക്കുട്ടിയും നായര് ചെക്കനും വീണ്ടും കണ്ടുമുട്ടിയപ്പോള്‍ ചിത്രം ഏറ്റെടുത്ത് ആരാധകര്‍ …,positive"
"സ്നേഹം ഇങ്ങനേയും പ്രകടിപ്പിക്കാമോ വിജയ് ദേവരകൊണ്ടയോട് ആരാധകന്‍ ചെയ്തത്, വീഡിയോ …,positive"
"ടൊവിനോ തോമസിന്റെ കുഞ്ഞ് ഇസയും അവധിയാഘോഷത്തിലാണ് താരപുത്രിയുടെ ചിത്രം വൈറലാവുന്നു   ടൊവിനോതോമസ്,positive"
"കാട്ടാളൻ പൊറിഞ്ചുവും മറിയവും ജോഷിയെ ഉയിർത്തെഴുന്നേല്പിക്കുമോശൈലന്റെ റിവ്യു,positive"
"മികച്ച നടിയായി വീണ്ടുമൊരു മലയാളി താരം  മലയാളികൾക്ക് അഭിമാനമായി കീർത്തി സുരേഷ്   ദേശീയപുരസ്‌കാരം,positive"
"പുഴയുടെ തീരത്ത്  പ്രണയാതുരരായി  ജയസൂര്യയും  സരിതയും  പാലക്കാടൻ ചിത്രങ്ങൾ വൈറൽ,positive"
"സാഹോയ്ക്ക് ശേഷം കൈനോട്ടക്കാരനായി പ്രഭാസ് ബിഗ് ബഡ്ജറ്റില്‍ ജാന്‍ വരുന്നു  -പ്രഭാസ്,positive"
"ഓണച്ചിത്രങ്ങളില്‍ ഹിറ്റടിച്ച് മോഹന്‍ലാലും കൂട്ടരുംപൃഥ്വിയും നിവിനും മാസ് ആയി,കളക്ഷന്‍ റിപ്പോര്‍ട്ട്…,positive"
"വീണ്ടും മികച്ച നടനായി ജയസൂര്യ, ഇത്തവണ പുരസ്‌കാരം വന്നത് അമേരിക്കയില്‍ നിന്നും നന്ദി പറഞ്ഞ് താരം,positive"
"പക്രു പൊളിയാണ്, സിനിമയ്ക്ക് വേണ്ടിയുള്ള താരത്തിന്റെ മേക്കോവര്‍ വീഡിയോ പുറത്ത് കഷ്ടപ്പാട് ചില്ലറയല്ല…,positive"
"പേളി മാണിയും സാനിയയും ശരിക്കും ആഘോഷിച്ചു സൈമയിലെ സന്തോഷനിമിഷങ്ങള്‍ പങ്കുവെച്ച് താരം   പേളിമാണി,positive"
"എന്റെ കുഞ്ഞുമാലാഖ പിറന്നാള്‍ ദിനത്തില്‍ മകളുടെ ചിത്രം പങ്കുവെച്ച് അസിന്‍ ആഘോഷം ഗംഭീരം തന്നെ,positive"
"സിംഗപ്പൂര്‍ യാത്രയിലെ അതുല്യനിമിഷം ഭര്‍ത്താവിന്‍റെ ക്ലിക്കിന് നന്ദി പറഞ്ഞ് ദിവ്യ ഉണ്ണി ചിത്രങ്ങള്‍…,positive"
"കെകെ ആയി വിക്രം ഞെട്ടിച്ചു കരിയറിലെ അടുത്ത സൂപ്പര്‍ഹിറ്റായി കടാരം കൊണ്ടാനെന്ന് ആരാധകര്‍,positive"
"സൂര്യയ്ക്കുള്ള പിറന്നാള്‍ സമ്മാനവുമായി ജ്യോതിക താരദമ്പതികള്‍ സൂപ്പറാണെന്ന് ആരാധകരും വീഡിയോ വൈറല്‍…,positive"
"തെലുങ്ക് മെഗാസ്റ്റാറിന്റെ  കോടി ചിത്രം സെയ് റാ നരസിംഹ റെഡ്ഡി ഒരുങ്ങുന്നത് വിസ്മയിപ്പിക്കാനാണ്…,positive"
"നടി സോനാക്ഷി സിൻഹയുടെ മേക്കപ്പ്മാൻ സൂപ്പർ താരം  നടന്റെ  മേക്കപ്പ്  വീഡിയോ വൈറൽ,positive"
"കൊറിയന്‍ അന്താരാഷ്ട്ര ചലച്ചിത്ര മേളയിലേക്ക് പേരന്‍പും വീണ്ടും അഭിമാനമായി മമ്മൂട്ടി ചിത്രം …,positive"
"താങ്ക്യൂ തങ്കമേ, എനിക്ക് നല്ലൊരു ജീവിതം സമ്മാനിച്ചതിന് നയന്‍സിനെക്കുറിച്ച് വിഘ്‌നേഷ് ശിവന്‍…,positive"
"താങ്ക്യൂ തങ്കമേ, എനിക്ക് നല്ലൊരു ജീവിതം സമ്മാനിച്ചതിന് നയന്‍സിനെക്കുറിച്ച് വിഘ്‌നേഷ് ശിവന്‍…,positive"
"വിവാഹശേഷം പേളിയ്ക്കും കൈനിറയെ ഭാഗ്യങ്ങള്‍ പുതിയ പരിപാടി കേരളത്തില്‍ നിന്നല്ല, പിന്നയോ  -,positive"
"വിജയ് സേതുപതിയുടെ ഭാഗ്യം തെളിഞ്ഞു അടുത്ത സിനിമ ബോളിവുഡില്‍ ആമിര്‍ ഖാനൊപ്പം  ---,positive"
"കാവ്യ മാധവനും ദിലീപും വീണ്ടും ഒന്നിച്ചെത്തി ദിലീപിന്റെ മാനേജര്‍ അപ്പുണ്ണിയുടെ സഹോദരന്റെ വിവാഹം…,positive"
"പ്രായത്തിലല്ല, മൈലേജിലാണ് കാര്യം ധമാക്കയിലെ ഇന്നസെന്റിന്റെ പുതിയ ലുക്ക് വൈറല്‍  --ധമാക്ക,positive"
"മോഹൻലാലിന്റെ  മാർഗംകളി ഗെറ്റപ്പ് ഇതിനായിരുന്നു എന്തൊരു ഡാന്‍സാണ് ലാലേട്ടാ എന്ന് ആരാധകർ  …,positive"
"കുഞ്ഞുങ്ങളുടെ മനസുമായി കണ്ടിരിക്കാം; മനസ് നിറഞ്ഞ് കണ്ടിറങ്ങാം, അമ്പിളി ഗംഭീരം ശൈലന്റെ റിവ്യു…,positive"
"കത്രീന കൈഫിന്റെ സൗന്ദര്യ രഹസ്യം അറിയാമോ ഇത് ഫോളോ ചെയ്താല്‍ ആര്‍ക്കും ബോഡി ഫിറ്റ് ആവുമെന്ന് നടി  -,positive"
"മലയാളികളെ കോരിത്തരിപ്പിച്ച പാട്ട് ആകാശഗംയിലെ 'പുതുമഴയായ് വന്നു', കവര്‍ സോംഗിനെ കുറിച്ച് വിനയന്‍,positive"
"ഒഴിവു സമയം ആഘോഷമാക്കി നസ്രിയയും  അമാലും  ചിത്രം  പുറത്ത്   നസ്രിയനസീം,positive"
"പൃഥ്വിരാജിന് പിന്നാലെ മമ്മൂട്ടിയുമെത്തി ആമസോണ്‍ പ്രൈമില്‍ തരംഗമായി ഉണ്ട ആരാധകര്‍ക്ക് സന്തോഷം…,positive"
"എന്റെ വീട്  സുരക്ഷിതമാണ്  ഇങ്ങോട്ട് വരാം പക്ഷെ ഒരു കാര്യം, വീട്ടിലേയ്ക്ക്  ക്ഷണിച്ച്  ടൊവിനോ,positive"
"മാമാങ്കം ഹിന്ദിയില്‍ തരംഗമാവും മറ്റ് തെന്നിന്ത്യന്‍ സിനിമകളെ മറികടന്നേക്കുമെന്ന് ഗൗരവ് ജെയ്ന്‍…,positive"
"അനൂപ് സത്യന്‍ ചിത്രത്തിനായി പുതിയ ലുക്കില്‍ ദുല്‍ഖര്‍ സല്‍മാന്‍ ഏറ്റെടുത്ത് ആരാധകര്‍ …,positive"
"അഞ്ച് നിലയുള്ള കേക്ക് ലക്ഷങ്ങൾ വിലയുള്ള ബാഗും വസ്ത്രവും, താരസുന്ദരിയുടെ പിറന്നാൾ ആഘോഷം …,positive"
"മീനാക്ഷിയും ദിലീപും മാത്രമല്ല താരപുത്രിയെ ആശീര്‍വദിക്കാനായി ഇവരും എത്തിയിരുന്നു ചിത്രങ്ങള്‍ വൈറല്‍…,positive"
"മോഹന്‍ലാലിന് ഇരട്ടിമധുരവുമായി സൈമ പൃഥ്വിരാജും ടൊവിനോയും തിളങ്ങി ജേതാക്കള്‍ ഇവരാണ്,positive"
"അത് ഞാൻ അല്ല ഇവനാണ്  നിങ്ങൾ തിരയുന്ന ആ മാത്തുക്കുട്ടി, രസകരമായ കുറിപ്പ് വൈറൽ   മാത്തുക്കുട്ടി,positive"
"നിവിന്‍ ശരിക്കും പൊളിയാണ് പിറന്നാള്‍ ദിനത്തില്‍ നിവിനെ കാത്തിരിക്കുന്ന സര്‍പ്രൈസ് ഒന്നും രണ്ടുമല്ല…,positive"
"ഗീതുവിന്റെ മൂത്തോനെ കാണാൻ  ബോളിവുഡ് താരവും കൂട്ടുകാരിയുടെ സന്തോഷം  ആഘോഷമാക്കി താരങ്ങൾ    പാർവതി,positive"
"ഗീതുവിന്റെ മൂത്തോനെ കാണാൻ  ബോളിവുഡ് താരവും കൂട്ടുകാരിയുടെ സന്തോഷം  ആഘോഷമാക്കി താരങ്ങൾ    പാർവതി,positive"
"മുൻകാമുകന്റെ പിറന്നാൾ ആഘോഷമാക്കി ദീപിക രൺബീറിന്  പിറന്നാൾ സർപ്രൈസുമായി ആലിയ …,positive"
"സൈക്കിളിൽ പറപറന്ന് രജിഷ സൈക്ലിംഗ് രംഗങ്ങൾ നിറഞ്ഞ ഫൈനൽസിലെ ഗാനം  പുറത്ത്  …,positive"
"മകൾക്ക് സർപ്രൈസ് സമ്മാനം നൽകി മഞ്ജു താരപുത്രിയുടെ പിറന്നാൾ ആഘോഷം വൈറൽ,positive"
"ഉപ്പും മുളകും  എപ്പിസോഡിലേക്ക് അടിപൊളിയാക്കുമെന്ന് ബാലു സര്‍പ്രൈസും ട്വിസ്റ്റുകളുമേറെയാണ്…,positive"
"മോഹൻലാൽ മാത്രമല്ല മമ്മൂട്ടിയും മധുവിന്റെ ാം പിറന്നാൾ  ആഘോഷമാക്കി താരരാജക്കന്മാർ  …,positive"
"റൊമാന്റിക്ക് മൂഡിൽ ടൊവിനോയും സംയുക്തയും എടക്കാട് ബെറ്റാലിയന്റെ  മൂന്നാം ടീസർ പുറത്ത്, കാണൂ …,positive"
"ജോഷിയേട്ടനാണ് താരം ഇത് പിആര്‍ വര്‍ക്ക് അല്ല, പൊറിഞ്ചു മറിയം ജോസ് കണ്ടതിനെ കുറിച്ച് എം എ നിഷാദ്…,positive"
"പേളി മാണിയെ കടത്തി വെട്ടുമോ ശരിക്കും അഡാറ് നായിക നൂറിനാണ് ബൈക്ക് ഓടിക്കുന്ന നടിയുടെ വീഡിയോ പുറത്ത്  -,positive"
"സഹതാരത്തെ കവിളിൽ  ചുംബിച്ച്   സൂപ്പർ താരം നിമിഷ  നേരത്തിനുള്ളിൽ വീഡിയോ  വൈറൽ    ഷാരൂഖ്ഖാന്‍,positive"
"രാജന്‍ പി ദേവിന്റെ മകന്‍ ഉണ്ണി വിവാഹിതനായി താരവിവാഹത്തിന്റെ വീഡിയോസും ചിത്രങ്ങളും പുറത്ത്  --,positive"
"മികച്ച തമിഴ് നടനുള്ള പുരസ്‌കാരം മമ്മൂട്ടിയ്ക്ക്, നല്‍കിയത് കമല്‍ ഹസന്‍,positive"
"മലയാളത്തിന്റെ മഹാനടന്‍ മധുവിന് പിറന്നാള്‍ ആശംസകളുമായി ഫെഫ്ക ഡയറക്ടേഴ്‌സ് യൂണിയന്‍,positive"
"നല്ല സിനിമ,positive"
"നല്ല സിനിമ,positive"
"മമ്മൂക്ക എജ്ജാതി ഗ്ലാമറാണ് സൗന്ദര്യമെന്ന  വാക്കിന് ഇങ്ങനെയും അര്‍ത്ഥമുണ്ട് പുതിയ ചിത്രവും വൈറല്‍…,positive"
"ഉലകനായകന്റെ പിറന്നാള്‍ ആഘോഷിച്ച് ശ്രുതിയും അക്ഷരയും ഒത്തുച്ചേര്‍ന്ന് കമല്‍ഹാസന്‍ കുടുംബം  -കമല്‍ഹാസന്‍,positive"
"പോടാ അന്നും ഇന്നും തലൈവർ തന്നെ സൂപ്പർസ്റ്റാർ,positive"
"പോടാ അന്നും ഇന്നും തലൈവർ തന്നെ സൂപ്പർസ്റ്റാർ,positive"
"അനു സിത്താരയില്ല ജയസൂര്യയുടെ നായികയായി സ്വാതി റെഡ്ഡി തന്നെ തൃശ്ശൂര്‍ പൂരത്തിലേക്ക് താരമെത്തി…,positive"
"തമിഴ് അരങ്ങേറ്റം ഈ വര്‍ഷം തന്നെയെന്ന് ഷെയ്ന്‍ നിഗം ആദ്യ സിനിമ ഈ സംവിധായകനൊപ്പം കാണൂ  -ഷെയിന്‍നിഗം,positive"
"നിറവയറുമായി എമി ജാക്‌സന്റെ ആഘോഷം ജനിക്കാന്‍ പോവുന്നത് ആണ്‍കുട്ടിയെന്ന് താരം   എമിജാക്‌സണ്‍,positive"
"നല്ല മൂവി,positive"
"ഇന്ത്യന്‍ വിലെ ഒരു ആക്ഷന്‍ രംഗത്തിനായി മാത്രം  കോടി തിരിച്ചുവരവില്‍ മിന്നിക്കാന്‍ കമല്‍ഹാസന്‍…,positive"
"കലിപ്പ് ലുക്കില്‍ അജിത്തിന്റെ മരണമാസ് വരവ് നേര്‍കൊണ്ട പാര്‍വൈയുടെ കിടിലന്‍ പോസ്റ്റര്‍  …,positive"
"പൃഥ്വിരാജിന്റെ കിടിലന്‍ ആക്ഷന്‍ രംഗങ്ങളുമായി ബ്രദേഴ്‌സ് ഡേ സക്‌സസ് ടീസര്‍ വൈറലായി വീഡിയോ …,positive"
"ഈ മകന്റെ എറ്റവും വലിയ രണ്ട് ആഗ്രഹങ്ങള്‍ ഇന്ന് സാധിച്ചു,വൈറലായി അന്‍പോട് കൊച്ചി പോസ്റ്റ് …,positive"
"മോഹൻലാലും മമ്മൂട്ടിയും ഇങ്ങനെയാണ് കണ്ടു പിഠിക്കണം ഇവരെ, വെളിപ്പെടുത്തലുമായി യുവ നടി …,positive"
"മമ്മൂട്ടിയുടെ ഷൈലോക്കിന് ശേഷം മോഹന്‍ലാലിനെ നായകനാക്കി സിനിമ പുതിയ ചിത്രവുമായി ജോബി ജോര്‍ജ്ജ്…,positive"
"വർഷത്തിനു ശേഷമുള്ള അവധിക്കാലം മഴയും തണുപ്പു ഗൗനിക്കാതെ  കൊടുംകടും നദിയുമെല്ലാം കടന്ന്  മോദി…,positive"
"പ്രിയ വാര്യര്‍ക്കൊപ്പം അര്‍ബാസ് ഖാന്റെ കാമുകിയും സിനിമയിലേക്ക് അരങ്ങേറ്റത്തിനൊരുങ്ങി ഗ്ലോറിയ…,positive"
"ദുല്‍ഖര്‍ നിങ്ങളുടെ  ചിരി ഹൃദയം കവരും ബോളിവുഡിൽ നിന്ന്  താരത്തിനൊരു സന്ദേശം  …,positive"
"നയന്‍താരയും വിഘ്‌നേഷും വിവാഹം തീരുമാനിച്ചു വലിയ കാര്യങ്ങളെക്കുറിച്ച് സംവിധായകന്‍ പോസ്റ്റ് വൈറല്‍…,positive"
"പെണ്‍കുട്ടികള്‍ക്കൊപ്പം പാട്ടു പാടിയും ഡയലോഗ് പറഞ്ഞും ആഘോഷമാക്കി ധ്രുവ് വിക്രം വൈറല്‍ വീഡിയോ…,positive"
"ഭാര്യയ്ക്കും മകൾക്കുമൊപ്പം ടൊവിനോയുടെ യാത്ര താരത്തിന്റെ  ചൈനീസ് ഡയറി, കാണൂ,positive"
"ഒരിടവേളയ്ക്ക് ശേഷം 'മോഹന്‍ലാലിന്റെ അനിയന്‍' മലയാളത്തിലേക്ക് തിരിച്ചെത്തുന്നു,positive"
"ആരോഗ്യസ്ഥിതി ഭേദപ്പെട്ടു അമ്പിളി ദേവിയെക്കുറിച്ച് ആദിത്യന്‍ എല്ലാം സന്തോഷകരമാവുമെന്ന് ആരാധകര്‍…,positive"
"ഗീതു മോഹന്‍ദാസിന് ആശംസകളുമായി മഞ്ജു വാര്യര്‍ നിവിന്‍ പോളിയ്ക്ക് ഇത് വലിയ നേട്ടമാണ്   -,positive"
"പൃഥ്വിരാജിനൊപ്പമുള്ള ഫാന്‍ ഗേള്‍ മൊമന്റുമായി അഹാന കൃഷ്ണ സുപ്രിയ കാണുന്നില്ലേയെന്ന് ആരാധകര്‍…,positive"
"അർബാസ്ഖാന്റെ പിറന്നാൾ ആഘോഷമാക്കി മോഹൻലാൽ  ലാലേട്ടൻ പാട്ട് വൈറലാകുന്നു  …,positive"
"രമേഷ് പിഷാരടിക്ക് മാസ്സ് മറുപടി നല്‍കി ടൊവിനോ തോമസ് കൊടുക്കാനുള്ള മനസ്സാണ് ഏറ്റവും വലുത്,positive"
"മലയാളത്തില്‍ മോഹന്‍ലാലാണ് ഇഷ്ടനടന്‍ തെങ്കാശിപ്പട്ടണം കണ്ടത് മുതല്‍ ദിലീപും തുറന്നുപറഞ്ഞ് അര്‍ജുന്‍…,positive"
"ചിലത് വരാനിരിക്കുന്നു, കാത്തിരിക്കുക രഞ്ജിനി ഹരിദാസിന്റെ വ്‌ളോഗ്    രഞ്ജിനിഹരിദാസ്,positive"
"സ്വിമിങ് പൂളില്‍ നിന്നും അനുപമ പരമേശ്വരന്റെ ഗ്ലാമറസ് ഫോട്ടോഷൂട്ട് രസകരമായ വീഡിയോ പുറത്ത്   -,positive"
"മമ്മൂട്ടിക്കും മോഹന്‍ലാലിനും ശേഷം ടൊവിനോ തോമസ് ടോപ് സിംഗറിലേക്ക് താരമെത്തിയപ്പോള്‍ വീഡിയോ വൈറല്‍…,positive"
"എമി അവാര്‍ഡ്‌സില്‍ ഇന്ത്യയ്ക്ക് നാല് നോമിനേഷനുകള്‍ രാധിക ആപ്‌തെയും സാക്രേഡ് ഗെയിംസും ലിസ്റ്റില്‍…,positive"
"ദിലീപിന് പിറന്നാള്‍, ജനപ്രിയ നായകന്റെ ജന്മദിന സര്‍പ്രൈസ് എന്തായിരിക്കും ആശംസകളുമായി ആരാധകര്‍,positive"
"കരുത്തരായ വനിതകളെക്കുറിച്ച് ഓര്‍ക്കുമ്പോള്‍ ആദ്യം മനസിലെത്തുക ഇന്ദിരാ ഗാന്ധി വിദ്യാ ബാലന്‍ …,positive"
"നടന്‍ വിനീത് ശ്രീനിവാസന്‍ വീണ്ടും അച്ഛനായി കുഞ്ഞതിഥിയെ വരവേറ്റ് താരകുടുംബം ഇത്തവണ താരപുത്രിയാണ്…,positive"
"പൃഥ്വിരാജിനൊപ്പം മിയയും തനീഷയായി ബ്രദേഴ്‌സ് ഡേയില്‍ താരവും ഓണം ബോക്‌സോഫീസ് പൃഥ്വിക്ക് സ്വന്തമാവുമോ…,positive"
"അച്ഛൻ ബാലയുടെ അഭിനയവും അമ്മ അമൃതയുടെ  പാട്ടും  പപ്പുവിന്റെ  ഉഗ്രൻ  പ്രകടനം  …,positive"
"നിവിന്റെ പ്രകടനം അസാധ്യം മുത്തോനിൽ  എന്ത് കൊണ്ട്  നിവിൻ, തുറന്ന് പറഞ്ഞ് ഗീതു     നിവിന്‍പോളി,positive"
"നടി ശിവദ അമ്മയായി തിരുവോണ ദിനത്തില്‍ സന്തോഷവാര്‍ത്ത പുറത്തുവിട്ട് താരം ചിത്രം വൈറലാവുന്നു   ശിവദ,positive"
"തമിഴില്‍ ഹന്‍സികയുടെ നായകനായി ശ്രീശാന്ത് ഹൊറര്‍ കോമഡി ചിത്രം വരുന്നു  --ശ്രീശാന്ത്-ഹന്‍സിക,positive"
"മൈ സാന്റ ടീമിനൊപ്പം ജനപ്രിയ നായകന്റെ പിറന്നാള്‍ ആഘോഷം വീഡിയോ ഏറ്റെടുത്ത് ആരാധകര്‍  -ദിലീപ്,positive"
"പേളി മാണിയുടെ സര്‍പ്രൈസിനെക്കുറിച്ച് ശ്രീനി പൊണ്ടാട്ടി ഞെട്ടിച്ചുവെന്ന് താരം ചിത്രങ്ങള്‍ വൈറല്‍,positive"
"എന്നെ ചന്ദ്രോത്ത് പണിക്കരാക്കിയതിന് ട്രെയിനർക്ക് സർപ്രൈസ്  സമ്മാനവുമായി ഉണ്ണി മുകുന്ദൻ …,positive"
"ശ്രിനിഷിന്‍റെ അമ്മയ്ക്ക് മേക്കോവര്‍ നടത്തി പേളി മാണി കൈയ്യടിച്ച് കൊച്ചുമക്കള്‍ ചിത്രങ്ങള്‍ വൈറല്‍…,positive"
"ആരും അറിയാതെ എഴുതിയ ഒസ്യത്ത് രാജന്‍ പി ദേവിന് നന്ദി പറഞ്ഞ് ഹരീഷ് പേരടി കുറിപ്പ് വൈറലാവുന്നു…,positive"
"കടലിന്റെ പശ്ചാത്തലത്തിലൊരു സിനിമ ജോഷ്വയുടെ ചിത്രീകരണം  പൂർത്തിയായി   സിനിമ,positive"
"അക്ഷയ് കുമാറിനെത്തേടി പുതിയ നേട്ടം പ്രതിഫലത്തിന്റെ കാര്യത്തില്‍ നാലാമനായി താരം   അക്ഷയ്കുമാര്‍,positive"
"ശ്രീദേവി ഇപ്പോഴും ഒപ്പമുണ്ട് അജിത്തിനൊപ്പമുള്ള വരവില്‍ സന്തുഷ്ടനാണെന്നും ബോണി കപൂര്‍,positive"
"നവ്യ നായരെ ഞെട്ടിച്ച താരപുത്രന്റെ സര്‍പ്രൈസ് മകന്റെ സ്‌നേഹത്തിന് മുന്നില്‍ കണ്ണ് നിറഞ്ഞ് നവ്യ  --,positive"
"പതിനാറ് വര്‍ഷം കോമയില്‍ ആയിരുന്ന ആള്‍ ഉണര്‍ന്നപ്പോള്‍ സംഭവിയ്ക്കുന്നത് കണ്ട് തന്നെ അറിയണം,neutral"
"രമണൻ,neutral"
"എന്റെ ഫ്ലാസ്ക്,neutral"
"ഇൽ നിന്നാണ് എടുക്കുന്നത് എങ്കിൽ  വല്യ മെച്ചം ഇല്ല  ഒന്നാമത്തെ കൊറച്ചു യൂസ് കഴിയുമ്പോ സ്‌ക്രീൻ ബ്ലീഡ് ആവുന്നുണ്ട് സോഫ്റ്റ്‌വെയർ പ്രോബ്ലെംസ് ഉണ്ട് അതെ റെയ്ഞ്ചിൽ ഫ്ലിപ്കാർട്ടിൽ വിൽക്കുന്ന   ആണ്  രൂപയുടെ അടിയിൽ മേടിക്കാവുന്ന ഏറ്റവും മികച്ച ഫോൺ,neutral"
"ഇൽ നിന്നാണ് എടുക്കുന്നത് എങ്കിൽ  വല്യ മെച്ചം ഇല്ല  ഒന്നാമത്തെ കൊറച്ചു യൂസ് കഴിയുമ്പോ സ്‌ക്രീൻ ബ്ലീഡ് ആവുന്നുണ്ട് സോഫ്റ്റ്‌വെയർ പ്രോബ്ലെംസ് ഉണ്ട് അതെ റെയ്ഞ്ചിൽ ഫ്ലിപ്കാർട്ടിൽ വിൽക്കുന്ന   ആണ്  രൂപയുടെ അടിയിൽ മേടിക്കാവുന്ന ഏറ്റവും മികച്ച ഫോൺ,neutral"
"ചേട്ടാ പാചകം മതി,neutral"
"എന്തെക്കെ ആയാലും ചിയാൻ വിക്രമിന്റെ കൂടെ  ചെയ്യണം അവരുടെ അടുത്ത പ്ലാൻ അത് തടയൽ ആയിരിക്കും ജോബി    അതോണ്ട് അവന്മാർ ഇതിലും     ഒപ്പം നിന്ന് കാലുവരില്ല തമിഴന്  മാര് പിന്നെ വിക്രം ഉണ്ടല്ലോ ആളുടെ   മകൻ അല്ലെ ഷെയിൻ മച്ചാൻ ആഹ്ഹ് സ്നേഹം ഉണ്ടാക്കും വിക്രത്തിനു അതോണ്ട് മോനെ ൻ  ജോബി മലയാളികളുടെ ജന്മസിദ്ധമായ ആഹ്ഹ് കുത്തിതിരിപു  കൊണ്ട് ചെന്നേക്കല്ലേ വിക്രം തല അടിച്ചു ഓട്ടയാക്കും നീ ശ്രെധിച്ചോ ചെക്കൻ തമിഴ്ലും  വേരുറപ്പിക്കും അതിന്റ കുശുമ്പഉം ഉണ്ട് ജോബി മോനും ടീമിനും പിന്നെ ഏതോ ഒരു ശക്തി കൂടി ഉണ്ട് പ്രകൃതി അത് തെളിയിലും,neutral"
"അല്പം ദുഖവും  അല്പം  സന്തോഷവും തന്ന സിനിമ,neutral"
"അല്പം ദുഖവും  അല്പം  സന്തോഷവും തന്ന സിനിമ,neutral"
"അപ്പൊ  താനും ഒരു പ്രൊഡ്യൂസർ ആവാനാണ് സാധ്യത,neutral"
"അതിന് മമ്മൂക്ക എന്ത്‌ പിഴച്ചു,neutral"
"ഷെയിൻ  നിന്റെ   കഥ സിനിമ  ആകാം,neutral"
"തർക്കംചർച്ച,neutral"
"എപ്പോഴും   ആയിരിക്കും  യില്‍ ആണ് അവർ വില കുറവ് പിടിക്കുന്നത് പിന്നെ     അല്ലെങ്കിൽ തന്നെ പകുതി രസം പോയി,neutral"
"മീശക്കാരൻ കേശു,neutral"
"മൈലാഞ്ചിയാ,neutral"
"സത്യസന്ധമായൊരു തുറന്നുപറച്ചിൽ സിനിമയ്ക്കുള്ളിലെ അന്തർനാടകങ്ങളിൽ  അന്തംവിട്ടുനിൽക്കുന്നൊരു ചെറുപ്പക്കാരൻ പ്രേക്ഷകർ നിങ്ങൾക്കൊപ്പമുണ്ട്   സത്യസന്ധതയും നേരും നെറിയും തന്റേടവും കൈവിടാതിരിക്കുക   വിലക്കിയവർ തന്നെ പരവതാനി വിരിക്കും,neutral"
"കൂടത്തായിയിൽ ജോളി കൊന്ന ആൾക്കാരുടെ ആത്മാക്കൾ അലഞ്ഞു തിരിഞ്ഞു നടക്കുന്നു   വാളയാർ പെൺകുട്ടികളുടെ ഘാതകർ എവിടെ    പെരുമ്പാവൂരിൽ ഒരു പെണ്ണിനെ ഏതോ ഒരു കഞ്ചാവ് മൃഗീയമായി കൊന്നു     വില ഇതൊക്കെയാണ് മലയാളികളുടെ വാർത്തകൾ സാദാരണക്കാരന്റെ ജീവിതത്തെ ബാധിക്കുന്ന കാര്യങ്ങൾ അല്ലാതെ ഷൈൻ നിഗം തല മൊട്ടയടിച്ചതല്ല,neutral"
"നമ്മടെ ചാനൽ ഒന്ന്  ചെയ്യണേ അതിൽ ഉള്ള  കാണു ആദ്യ  ആണ് ഒന്ന്  ചെയ്യണേ,neutral"
"ടാ തായോ ളി  നിന്റെ വീട്ടിലെ  തലമുറ മുൻപുള്ളവരെ പറ്റി അന്വേഷിക്ക്  ആര് ആർക്കുകൂട്ടിക്കൊടുത്ത വകയിലാണ് നി ഉണ്ടായതെന്ന് നിനക്കു തന്നെ മനസിലാകും  അല്ലാതെ അറബി നേരിട്ടു വന്ന് ഓത്തിറക്കിയ തൊന്നുമല്ലല്ലോ നിന്നെ,neutral"
"ധന്യാ തിയറ്ററില് ഞാ൯ കണ്ട സിനിമ,neutral"
"ആരാ പറഞ്ഞെ ഇവന് സംസാരിക്കാൻ അറിയില്ല എന്ന് പറഞ്ഞത് ഇതൊക്കെ മുന്നേ പറഞ്ഞാൽ പോരെ  സോഷ്യൽ മീഡിയയിൽ കിടന്നു കോപ്രായം കാണിക്കാൻ നിക്കാതെ,neutral"
"ഇതിലെ പോലീസ് സ്റ്റേഷൻനിലെ സിനിൽ അഭിനയിക്കുന്ന  യുടെ  അറിയാമോ,neutral"
"വാണേട്ടൻ ടാ,neutral"
"നീ,neutral"
"സ്ത്രീ ധനം മൂവി   പ്ലീസ്,neutral"
"അന്നും ഇന്നും എന്നും,neutral"
"ബിരിയാണി ഉണ്ടാക്കും,neutral"
"ഈ  സിനിമ  നിങ്ങൾ  എത്രവട്ടം  കണ്ടു,neutral"
"അല്ലു ഏട്ടൻ,neutral"
"ഓക്കേ ബ്രോ,neutral"
"ഷൈൻനെതിരെ വലിയ ഗൂഢാലോചനയുണ്ടെന്ന് തോന്നുന്നു  ഇവിടെ ആരെയുംആർക്കും മോശക്കാരനാകാം തെളിവാണ് പ്രാധാന്യം സിനിമാകാർകാണു ഏറ്റവുംവലിയ ഈഗോ   നേരോടെ  അന്വേഷിക്കട്ടെ,neutral"
"കാണുന്നവർ ലൈക് അടിക്കു,neutral"
"ആ ചിത്രം  കണ്ടുനോക്കു  അതിലെ അഭിനയ  കൊള്ളില്ല  എന്നാണോ തങ്കകൾ ഇനി പറയുക പിന്നീടങ്ങോട്  അഭിക്കു  ചിത്രങ്ങൾ  കിട്ടിയിട്ടില്ല   അദ്ദേഹത്തിന്റെ  കഴിവ്   ഞാൻ  ഒറ്റക്  ഉണ്ടാക്കിയ   കഥ  അല്ല  സംഭവ്ച്ചത് മകന് ഉണ്ടാവാതെ  ഇരിക്കട്ടെ  എന്ന് പറഞ്ഞത് നിങ്ങൾക് അറിയില്ലെങ്കിൽ  ബന്ധപെട്ട     കണ്ടുനോക്കു  ഇന്ന്  അഭിയുടെ  സെക്കന്റ്‌,neutral"
"പ്രൊഡ്യൂസർ അസോസിയേഷൻ പുല്ല് പൂവാം പറ അവന്മാരോട് നി പൊളിക്ക് മുത്തേ കട്ട സപ്പോർട്ട്,neutral"
"ചരിത്ര കഥയുടെ ചരിത്ര  നായകൻ,neutral"
"ഇതിനുമുൻപ് ഒരു പ്രമുഖ നടന്റെ അറസ്റ്റിനു ശേഷം ഒരു പഴയ നടൻ തെളിവുമായി വന്നിരുന്നു തന്റെ ഒരു ഹിറ്റ്‌ സിനിമയ്ക്കു ശേഷം തനിക്ക് വന്നിരുന്ന എല്ലാ ഓഫറുകളും സിനിമകളും ഇതിനെല്ലാം ഒരാൾ തടസം നിന്നിരുന്നു എന്ന്  പിന്നെ   സിനിമയിൽ അഭിനയിച്ച അബിക്കയുടെ കാര്യം പറയണ്ടല്ലോ നിങ്ങൾ വിചാരിക്കുന്നത് പോലെ നമ്മൾ ഇഷ്ട്ടപെടുന്ന നടൻമാർ  അത്രക്ക് സോഫ്റ്റ്‌ അല്ല,neutral"
"ഞാൻ ക്ലോസായ ഉണ്ണിയുടെ മരിച്ചുപോയ ഫ്രണ്ടാ,neutral"
"ഇന്നലേം കണ്ടു ഇന്നും കാണുന്നു,neutral"
"ഡേയ് കാലും പൊളിച്ചിരുന്ന തള്ളയുടെ  കള്ള വെടികളുടെ   എടുക്കേണ്ട ഗതികേട് നിനക്ക് മാത്രമേ ഒള്ളു  വേറെ ആർക്കും ഇല്ല  എല്ലാവരും അങ്ങനെ ആണെന്ന് കരുതരുത്,neutral"
"കണ്ടു,neutral"
"ചാനൽ,neutral"
"ഇവൻ ആദ്യം ചെയ്ത ലൈവ് കണ്ടപ്പോ പക്യത ഇല്ലാത്ത പെരുമാറ്റമായ് തോന്നി,neutral"
"ന്റെ,neutral"
"മക്കളേവാഇച്ചിരി ലൈക്ക്,neutral"
"കണ്ട അനുഭവം ചുരുക്കിപറയാംആദ്യ   കിടു ഫീൽ പിന്നെ കട്ട ശോകം ശരിക്കും സീരിയൽ ഇന്റർവെൽ വരെ   പരുപാടി പിന്നെ പേരിന് ഇക്കാ സ്ത്രൈണ ഭാവം കാട്ടി വെറുപ്പിച്ചു ഇന്റർവെൽ കഴിഞ്ഞു വീണ്ടും ശോകം ക്ലൈമാക്സ്‌   ഇപ്പം ഇക്കാ വരും ഇക്കാ വരും എന്ന് വിചാരിക്കും പക്ഷെ ഇക്കാ  ലാസ്റ്റ് പുള്ളി വന്ന് ഏതാണ്ടൊക്കെ കോപ്രായം ചെയ്യും പിന്നെ ഏതാണ്ടൊക്കെ എഴുതി കാണിക്കും  ഇക്കാ  നല്ല കോമഡി ആരുന്നു    ഇത് തന്നെ കൂടുതലാണ്,neutral"
"ഇതിൽ ഇപ്പോ ആരാ സത്യം പറയുന്നത്,neutral"
"വേണ്ട പണിയെടുക്കണ്ട    പെർഫ്യൂമും അടിച്ചു കാരവനിൽ ഇരുന്നാൽ മാത്രം മതി,neutral"
"ഇതൊന്നു കണ്ടു നോക്കിക്കേ,neutral"
"മലയാള സിനിമാ ഇൻഡസ്ട്രി ഒരുത്തന്റെയും തന്തയുടെ വകയല്ലമലയാളികൾ വിചാരിച്ചാൽ നിന്റെയൊക്കെ ഒരു കളികളും നടക്കില്ലസൂപ്പർസ്റ്റാറുകളുടെ മക്കൾ മാത്രം അഭിനയിച്ചാൽ മതിയോസപ്പോർട്ട്  ഷെയ്ൻ,neutral"
"ദേ ജബൻ,neutral"
"ഇനി വല്ലതും കാണിക്കാൻ ഉണ്ടോ ഫോൺ  കാമറ  ബുള്ളറ്റ്  കമ്പ്യൂട്ടർ    അവർഡ് ഒരു വിഡിയോയിൽ ഇത്ര അതികം കാണിച്ച താങ്കൾ അപാരം തന്നെ,neutral"
"അഭിജിത്തിന് സിനിമയെ പറ്റി വലിയ ധാരണയൊന്നുമില്ലെന്ന് തോന്നുന്നു,neutral"
"ജോസഫ്,neutral"
"അവർ പ്രീ പ്ലാന്ഡ് ആയിരുന്നു അതിൽ അവർ വിജയിച്ചു  എന്ത് കൊണ്ട് വിജയിച്ചു എന്ന് ആലോചിക്കണം   ദേഷ്യം പിടിച്ചു നിങ്ങൾ മുടി മുറിച്ചു  അതായത് എടുത്തു ചാടി പിടിച്ച ദേഷ്യത്തിന്  അപ്പ അവർ വിചാരിച്ച കാര്യം കൂടുതൽ എളുപ്പം ആയി  നിങ്ങൾക് ഉള്ള പൊതു ജന പിന്തുണയും കുറഞ്ഞു  അവര്ക് ഇപ്പോ കാര്യം എളുപ്പം ആയി,neutral"
"വാങ്ങി പെട്ടുനിൽകുന്നവർ ലൈക്‌ അടിച്ചേ   ഓഗസ്റ്റ് കഴിഞ്ഞാൽ എന്താകുമോ ആവോ,neutral"
"എന്നാലും  വർഷം കൂടി കഴിഞ്ഞാൽ  കോടി എന്നൊക്കെ പറഞ്ഞാൽ സിനിമയാണ്  പടം പൊട്ടിയാൽ തീർന്നു,neutral"
"മൂട്,neutral"
"ഹെഡ്‌സെറ്റ് ഇല്ലല്ലോ ബ്രോ,neutral"
"ചേട്ടാ ഇത്,neutral"
"പടം എല്ലാവരും കാണാതിരുന്നാൽ മതി,neutral"
"ഇംഗ്ലീഷ് അറിയില്ല എങ്കില്‍ മലയാളം പറഞ്ഞാല്‍ പോരെ,neutral"
"സോണിയാ വന്നാട്ടെ,neutral"
"കൊട്ടാരംവീടൻ,neutral"
"ജീവിതത്തിൽ ഇങ്ങനെ ഉരു പടം  കണ്ടിട്ടില്ല,neutral"
"ജീവിതത്തിൽ ഇങ്ങനെ ഉരു പടം  കണ്ടിട്ടില്ല,neutral"
"സത്യം കുറച്ചു പേരങ്ങനെ,neutral"
"നല്ല  വർക്ക് നടക്കുന്നുണ്ടല്ലോവെട്ടുകിളികൂട്ടം വട്ടമിട്ട് പലയിടങ്ങളിലും നമ്മുടെ ചെക്കനെ സംഘടിതമായി ആക്രമിക്കുകയാണ്നടക്കട്ടെ നടക്കട്ടെ നമ്മളുണ്ടാകും ഷൈനിന്റെ കൂടെ എന്നും,neutral"
"മോനേ നീ വിഷമിക്കണ്ടസത്യം എന്നാണെങ്കിലും വിജയിക്കുംപടച്ചോൻ ഉണ്ടെന്നു മോൻപറഞ്ഞത് മറക്കണ്ട,neutral"
"ഭാസ്കർ ദി റാസ്കൽ ദുരന്തമാണെങ്കിലും സാമ്പത്തികവിജയം നേടി,neutral"
"ഭാസ്കർ ദി റാസ്കൽ ദുരന്തമാണെങ്കിലും സാമ്പത്തികവിജയം നേടി,neutral"
"എങ്ങനെ വിശ്വസിക്കാൻ ചതി  അല്ലെ ചൂടുള്ള വെള്ളത്തിൽ ചാടിയ പൂച്ചക്ക് പച്ചവെള്ളം കണ്ടാലും പേടിയാ ണ്,neutral"
"ഏത് ഊളന്മാര ഇത് ഡിസ്‌ലൈക്ക് ചെയ്തത്,neutral"
"ഇ ഒരു സാഹചര്യത്തിൽ അന്റെ ഉപ്പ  ജീവിച്ചിരിപ്പുണ്ടെങ്കിൽ എന്ന് ഷൈൻ നിഗം ഒരു നിമിഷം എങ്കിലും ആഗ്രഹിച്ചുകാണും,neutral"
"ആദ്യം ചികിത്സിക്ക്‌,neutral"
"മീശക്കാരൻ കേശു,neutral"
"രണ്ട് സ്പീക്കർ ഇല്ല ഒന്നേയുള്ളു ഒന്ന് മൈക്കാണ്,neutral"
"ഇതൊരു  വീഡിയോ അല്ല ഞാൻ ഒരു മൊബൈൽ എടുത്തപ്പോൾ അത് നിങ്ങളെകൂടി കാണിക്കാം എന്നുകരുതി ചെയ്തതാണ്,neutral"
"അബീക്കയെ മറക്കാത്തിടത്തോളം ഷൈനും കുടുംബത്തിനുമൊപ്പം ഞങ്ങളുണ്ട് വന്ന വഴി മറക്കാതിരിക്കുക ഉപ്പയുടെ കഷ്ടപാടും  സുഹൃദ് ബന്ധത്തിന്റെ ആഴവും കണ്ട മകനാണ് ഷൈൻ അതു കൊണ്ട് ഒരിക്കലും അപമര്യാദയായി  അനാവശ്യമായി പ്രശ്നം ഉണ്ടാക്കില്ല ഉറപ്പ്,neutral"
"ദുൽഖർ എന്ന ഒരാളെ വച്ച് നോക്കുമ്പോൾ ഇവന് കുറച്ചു ദേഷ്യം കൂടുതലാണ്  നല്ല ഇഷ്ടപെട്ട പയ്യനായിരുന്നു          പുറകെ വന്ന ബഗ്യം ഇടം കാലുകൊണ്ട് തട്ടി തെറിപ്പിച്ചു      അത്രയേ പറയാൻ ഉള്ളു,neutral"
"കട്ട  ഷൈൻ നിഗം,neutral"
"നിലപാടിൽ ഉറച്ചു മുന്നോട്ട്  പോകു   ബ്രോ ,neutral"
"ആരൊക്കെ എന്തൊക്കെ പറഞ്ഞാലും കിസ്മത് എന്ന മൂവി കണ്ടപ്പോൾ മനസ്സിൽ ഒരു മകന്റെ സ്ഥാനം നൽകിയതാണ് ഈ കുഞ്ഞിച്ചെക്കന് നിന്റെ മനസിൽ ഇന്നും വഴികാട്ടിയായി നിൽക്കുന്നത് നിന്റെ വാപ്പച്ചിയാണെന്ന് ഞങ്ങൾക്കറിയാം മോനേ പിന്നെ നീയെന്തിന് ഭയപ്പെടണംഉമ്മച്ചിയുടെ സ്നേഹവും വാപ്പച്ചിയുടെ അനുഗ്രഹവും നിനക്കുണ്ടല്ലോ എന്നും എന്റെ മനസിലും നീ മകൻ തന്നെയാണ് നിഷ്കളങ്കതയും ആത്മാർത്ഥതയും തുളുമ്പുന്ന ധീരമായ വാക്കുകളാണ് നിന്റെ  ആയിരം അട്ടഹാസങ്ങളേക്കാൾ ശക്തമാണ് ശാന്തമായ നിന്റെ ഓരോ വാക്കും  വിക്രമിന്റെ കൂടെയുള്ള മൂവിയിൽ എന്റെ മോൻ കസറണം ട്ടോ മുത്തേ ഉമ്മ,neutral"
"ഇവന്റെ ഒരു വിഗ് സിനിമയിൽ മേക്കപ്പ് നാടകം പോലെ ആയിപോയല്ലോ,neutral"
"കലാഭവൻ മണി ജോൺ ബ്രിട്ടാസുമായി ഇതേ രീതിയിയിലാണ് സംസാരിച്ചത്,neutral"
"എന്താ അങ്ങനെ,neutral"
"അച്ചിപ്ര അയമു,neutral"
"ഷൈൻ നിഗം താരരാജാവിന്റെ മകൻ അല്ല ഷൈൻ നിഗത്തിന്റെ പ്രായത്തിൽ ഒരു വെല്ലുവിളി ആയി ഇപ്പോൾ ആരും തന്നെ മലയാള സിനിമയിൽ ഇല്ല ഷൈൻ നിഗത്തിനെ ഇല്ലാതാക്കാൻ കരുതിക്കൂട്ടി നടക്കുന്ന ശ്രമം ആണിത് ചില താരപുത്രന്മാരെക്കാൾ ഉയരത്തിൽ ഷൈൻ നിഗം എത്തുന്നതിലുള്ള പ്രതികാരം,neutral"
"ബിന്ദു പണിക്കർ,neutral"
"ഇവൻ ആള് കൊള്ളാമലോടഅതുപ്പോ പുറത്തുകാണിക്കേണ്ട അവൻ തലയിൽകയറി തുറും,neutral"
"രജനിയെ കണ്ടു കയ്യടിക്കാനാണ് ഞാൻ ആളുടെ പടത്തിന് കേറുക,neutral"
"അറിയില്ലേ,neutral"
"പഴംകഞ്ഞി എടുക്കട്ടേ,neutral"
"പഴംകഞ്ഞി എടുക്കട്ടേ,neutral"
"അബി ഇക്ക ഉണ്ടായിരുന്നെങ്കിൽഇങ്ങനെ ഒന്നും സംഭവിക്കില്ലായിരുന്നുപാവംഷെയിൻ,neutral"
"ആ മീഡിയ മറുനാടൻ  അല്ലെ,neutral"
"മലയാളം അറിയാത്ത  എങ്ങനെയാണാവോ മനസിലാക്കിയത്  അവൻ ഓവർ ആയി സംസാരിക്കുമ്പോൾ കഞ്ചാവ് എന്ന് പറയുന്നത് കൊണ്ട് അവൻ കുറച്ചു    ആദ്യം മലയാളം പഠിച്ചു വാ എന്നിട്ട് വീഡിയോ കണ്ട് കമന്റ്‌,neutral"
"ദിലീപ് അത് ചെയ്തൂന്ന്  ഒറപ്പ് ഒന്നും ഇല്ലല്ലോ,neutral"
"അച്ചുതൻ,neutral"
"സ്ത്രീധനം സിനിമ അപ്‌ലോഡ് ചെയ്യോ,neutral"
"ഷൈൻ സിമ്പിൾ മാൻ ആണ്  അല്ലെങ്കിലും തുറന്ന മനസ്സുള്ള ആളുകളെ ഇക്കാലത്തു ആർക്കും കണ്ണിൽ പിടിക്കില്ലല്ലോ  ഞങ്ങടെ ഒക്കെ ഫുൾ സപ്പോർട്ട് ഉണ്ടാകും,neutral"
"ഇഞ്ചി പിഴിഞ്ഞ് എടുക്കും,neutral"
"നീയൊക്കെ എന്തൊക്കെ  പറഞ്ഞാലും തോൽപിക്കാനാവില്ല മക്കളെ,neutral"
"മലയാളി,neutral"
"പടം കണ്ടുകഴിഞ്ഞാൽ മനസിലാവും,neutral"
"പാവം,neutral"
"പാവം,neutral"
"ചേട്ടനും നാലു പെങ്ങൾ,neutral"
"ചേട്ടനും നാലു പെങ്ങൾ,neutral"
"അല്ലേലും തെറ്റുകൾ കണ്ട് അഭിപ്രായങ്ങൾ പറയുന്ന എല്ലാവർക്കും ചിലപ്പോൾ  സമൂഹത്തിൽ ഒരു വിലപോലും ഉണ്ടാവില്ല അതാണൂ സത്യം മലയാളി എന്നും മലയാളി തന്നെ ഒരാളെ   ചെയ്യുന്നതിനു  മുൻപ് അയാളെ കുറച്ചു നന്നായി അറിഞ്ഞിരിക്കണം,neutral"
"സ്ലീവാച്ചോ നിന്റെ ആക്രന്തം ഒക്കെ മാറിയോ,neutral"
"പത്തുകോടി  രൂപ,neutral"
"കാശും സമയവും ആവശ്യത്തിലധികം ഉള്ളവർക്കു,neutral"
"എന്നതിന് പകരം      എന്ന് പറയേണ്ടിവരും,neutral"
"ഡാർക്ക് ഷേഡ്,neutral"
"ചേട്ടാ ചേട്ടന്റെതായ രീതിയിൽ അവതരിപ്പിച്ച നല്ല ഒരു അൺബോക്സിങ്ങ് വീഡിയോ തന്നെ ആണ്പിന്നെ കുറച്ച് തെറ്റൊക്കെ സംഭവിക്കാത്തതായി ആരും ഇല്ലാലോ,neutral"
"സംസാരങ്ങൾ സത്യ സന്ധമാണെന്ന് ഷൈനിന്റെ വാക്കുകളിൽ നിന്ന് മനസ്സിലാകുന്നുണ്ട്,neutral"
"എന്തായാലും,neutral"
"നല്ല കഴിവുള്ളനടനാണ് ഷൈൻ അവനെഒതുക്കാനുള്ള ഗൂഢാലോചനയാണ്  അന്യഭാഷയിൽ പോയാൽതിരിഞ്ഞു നോക്കേണ്ടി വരില്ല  അവന്റെ ഉപ്പ അഭിയേയും ഒതുക്കിയതാണ്,neutral"
"എന്തിയെ  പറഞ്ഞവരോക്കെ,neutral"
"ഇന്നലേം കണ്ടു ഇന്നും കണ്ടു,neutral"
"ബ്രാൻഡും ഡിസ്പ്ലേ ക്ലാരിറ്റിയും നോക്കുവാണേൽ സാംസങ് തന്നെയാണ് ബെസ്റ്റ്  ഒരു രക്ഷയും ഇല്ലാത്ത പൊളി ഐറ്റമാണ് റീസൈൽ വാല്യൂ ഉം ഉണ്ട് പിന്നെ  നല്ല  ബ്രാൻഡ് തന്നെയാണ് പക്ഷെ രൂപ കൊടുത്തു വാങ്ങിയാൽ  ദിവസം കഴിഞ്ഞു വിൽക്കേണ്ടി വന്നാൽ റേറ്റ് വളരെ കുറയും കാരണം  ദിവസം കഴിഞ്ഞു   കമ്പനി തന്നെ ഫോണിന്റെ റേറ്റ് കുറച്ചു വിൽക്കും ബ്രാൻഡഡ് ഐറ്റം വാങ്ങുന്നതാണ് എപ്പോഴും നല്ലത് സാംസങ് എപ്പോഴും അവരുടെ മാർക്കറ്റ് വാല്യൂ ഇടിയാതെ നോക്കുന്ന കമ്പനി ആണ് നാളെ അവർ ഇറക്കുന്ന ഏതേലും ഫോണിന് കംപ്ലയിന്റ് ഉണ്ടേൽ തിരിചെടുത് കുറ്റം സമ്മതിക്കും ചിലപ്പോൾ  പുതിയത് നല്കുകയും ചെയ്യുന്ന ബ്രാൻഡ് ആണ്  യെ കുറ്റം പറഞ്ഞതല്ല നല്ല ഫോൺ തന്നെയാണ് അവരുടേത് പക്ഷെ റീസൈൽ വാല്യൂ കുറവാണ് ബിൽഡ് ക്യോളിറ്റി യും സംശയം ആണ് ഡിസ്പ്ലേ യും അത്ര പോരാ,neutral"
"ദ ക്യു എക്‌സ്‌ക്ലുസിവ് ഇന്റര്‍വ്യൂ  ക്യു ഒറിജിനല്‍ ഡോക്യുമെന്ററി  വീഡിയോകള്‍ ഇവിടെ കാണാം,neutral"
"കുഞ്ഞാറ്റ,neutral"
"ക്ലാര,neutral"
"പടം ഞാൻ കണ്ടു     ടിവിയിൽ വരുമ്പോൾ കാണുന്നതാണ് നല്ലത്,neutral"
"ഇത് പോലുള്ള സിനിമ ഇന്ന് എവിടെ അതും സ്വപ്നങ്ങങ്ങളിൽ മാത്രം,neutral"
"സത്യം അറിയാൻ  ചെയുന്നു എന്നിട്ട് പ്രതികരിക്കാം,neutral"
"പടം,neutral"
"ഇന്ദ്രൻസ് ജനാർദനൻ,neutral"
"കുറച്ചു വിവരമുള്ള പോലെ സംസാരിക്കൂ ഇന്നത്തെ മലയാളത്തിൽ ഒരു സിനിമ എടുക്കുന്നതിൽ മിനിമം   കോടിയിൽ പുറത്ത് ആകും ഗാനഗന്ധർവ്വൻ എന്ന സിനിമ  കോടി ബഡ്ജറ്റിൽ ആയിരുന്നു  അപ്പോൾ ഇത്രയും ആർട്ടിസ്റ്റുകളും സെറ്റും ഉൾക്കൊള്ളുന്ന സിനിമ എങ്ങനെയാണ് മണ്ടാ  കോടിയിൽ തീർക്കുന്നത്,neutral"
"റേറ്റ് കൂടി നോക്കണം,neutral"
"ഹായ് ബ്രോ,neutral"
"സ്‌ഫടികം,neutral"
"സ്‌ഫടികം,neutral"
"ബ്രോ ഇത് ഒരു   വീഡിയോ അല്ല ഞാൻ ഒരു മൊബൈൽ എടുത്തപ്പോൾ അത് നിങ്ങളെക്കൂടി കാണിക്കാം എന്നുവെച്ചു ചെയ്തതാണ്,neutral"
"എനിക്കൊന്ന് അമ്പലത്തിൽ പോണം,neutral"
"കാക്ക കീ കാ മല്ലയ്യാ,neutral"
"മറുനാടന്‍,neutral"
"ഒരു ദുരന്ത റിവ്യൂ  ആണല്ലോ  ഞാൻ പടം കണ്ടു നന്നായി ഇഷ്ടപ്പെട്ടു,neutral"
"തിയേറ്ററിൽ തന്നെ പോയ് ഇന്ന് സിനിമ കണ്ടു സിനിമ ആവറേജ് ഉണ്ട്,neutral"
"ദിലീപിന്റെ  മുൻപുള്ള നല്ല സിനിമകൾ പറയാമോ,neutral"
"ക്യാ ഹുവ  രമണൻ തേര വാദാ കലങ്ങാത്തവർക്ക്ക്യാ ഹുവ  തേരാ വാദാ  ഹോ കസംഒരു ഹിന്ദി പാട്ടിന്റെ വരികളാണ്,neutral"
"ബിന്ദു പണിക്കർ,neutral"
"വിഷ്ണു ലോകം  മൂവി ഒന്ന് അപ്‌ലോഡ് ചെയുവോ,neutral"
"ചേട്ടാ ഇ ഫോൺ എത്ര രൂപ,neutral"
"മൂവീ,neutral"
"മൂവീ,neutral"
"അച്ചുതൻ പയ്യന്റെ പേര്,neutral"
"എന്ന് സ്വന്തം ലാലപ്പൻ പാൻ,neutral"
"ചെറിയ ഉള്ളി  ആണു,neutral"
"ഇവിടെ സ്‌ഥലം,neutral"
"ഈ സിനിമയിൽ പല സ്ഥലങ്ങളിലും ഡയറക്ഷൻ്റെപോരായ്മ എടുത്ത അറിയാൻ സാധിക്കുന്നു എന്നാൽ ക്ലൈമാക്സ് അത്യുഗ്രൻ ഒരിക്കലും പ്രതീക്ഷിക്കാത്ത ഒരു ക്ലൈമാക്സ്,neutral"
"മയക്കുമരുന്ന്,neutral"
"പയന്റെ പേര് അശ്വിൻ തോമസ് അഹമദ്‌കുടി,neutral"
"അമ്മയും  അമ്മേടെ  നായരും  ഫെഫ്ക യും  കൂടി  കീറി  വിട്ട  ചീട്ടുകളിൽ  ഒരാളാവരുത്  നീ   നീ  അബി  യുടെ മകനാണ്,neutral"
"ഉണ്ടെങ്കിൽ,neutral"
"സിനിമ,neutral"
"പുതിയ പ്രിത്വിരാജ്,neutral"
"ജഗതി ചേട്ടൻ,neutral"
"ഓഗസ്റ്,neutral"
"ൽ കാണുന്നവരുണ്ടോ എന്ന് ചോദിക്കുന്നവൻ ഇവിടെ വന്നില്ലെ,neutral"
"ഇവനെ,neutral"
"എനിക്ക് ചപ്പാത്തി നഹീ നഹി,neutral"
"ഇല്ലേ,neutral"
"വിഷ്ണു,neutral"
"ഞാനും,neutral"
"ആട് തോമ,neutral"
"പയ്യന്റെ പേര് അച്യുതൻ,neutral"
"ഇ ഉണ്ണി അല്ലെ അ ഉണ്ണി,neutral"
"ഒടിയൻ,neutral"
"മുതലാളി ഞാനും,neutral"
"പുതുവയോ,neutral"
"മണിക്ക്   ചെയ്യാൻ വിജയ് ഉണ്ട് കേരളത്തിൽ,neutral"
"ലൂസിഫർ,neutral"
"അവൻ എന്തും ആയ്കോട്ടെ,neutral"
"അവൻ എന്തും ആയ്കോട്ടെ,neutral"
"പ്രമുഖ  മാർ പിന്നിൽ പക്ഷെ ചെക്കൻ വിടുമോ,neutral"
"ഒ പി ഒളശ,neutral"
"മനഃപൂർവം അല്ലല്ലോ ഭായ്,neutral"
"ഇവനെ അങ്ങനെ ഒന്നും ഇവന്മാർക്ക് ഒതുക്കാൻ പറ്റൂല്ല  ഇവൻ പുലിയാണ് അതാണ്‌ എലികൾക്കു കഞ്ചാവ് ആണെന്നു തോനുന്നു,neutral"
"അഞ്ചാം പാതിരഅഞ്ചാം പാതിര അഞ്ചാം പാതിര,neutral"
"കാണുന്നവർ,neutral"
"ഓ സോറി നീ മമ്മൂട്ടിയുടെ മകനാണല്ലേ സ്കൂൾ രേഖകളിലും അങ്ങനെ തന്നെയാണോ,neutral"
"വരും എന്താ,neutral"
"എന്ത് ചോർച്ച,neutral"
"പത്തിൽ  കൊടുത്താൽ കറക്റ്റ് ആണ് മന്സൂന് മീഡിയക്ക് വേണ്ടി വെയ്റ്റിംഗ് അയാൾ കറക്റ്റ് ആണ്,neutral"
"ഷെയിൻ ആദ്യമായി വെളിവോടെ സംസാരിക്കുന്നത് കണ്ടു കഞ്ചാവ് പേര് വീണപ്പോൾ ഇവൻ നിർത്തി എന്ന് തോന്നുന്നു,neutral"
"ജബൻ,neutral"
"പേ ഇല്ലാ തവനെ പേ ഉണ്ടെന്ന് പറഞ്ഞു തല്ലി കൊല്ലുക അതാണ് ഇവിടെ നട കുന്നാഥ്‌  അവനെ കഞ്ചാവ് എന്ന് പറഞ്ഞു   ചെയ്യുക   ന്നല്ല കള്ളി      പക്ഷെ   പ്രൊഡ്യൂസർ സർ മാരെ നിങ്ങൾക് ആള് മാറി പോയി      തന്റെ തന്ത അല്ല   ന്റെ തന്ത   ന്നി പ്വോളിക്ക് മുത്തേ യൂത്ത് ഉണ്ട് കൂടെ   നമ്മളങ് ഹോളിവുഡ് ഇൽ പോയി         ന്റെ  റോൾ  ചെയ്യൂ,neutral"
"മുരുഗൻ ഇപ്പോഴും അവിടെ തന്നെ ഉണ്ട് മക്കളേ,neutral"
"പീഡന കേസിൽ പ്രതിയായ ദിലീപിനെ വിലക്കിയിട്ടില്ല എന്ന കാര്യം പലരും ഇവിടെ പറയുമ്പോൾ ആ കേസ് ഇതുവരെ തെളിയിച്ചിട്ടില്ല അതുകൊണ്ടാണ് വിലക്കില്ലാത്തത് എന്ന് മറ്റു ചിലർഅപ്പോൾ ഈ ഷൈൻന്റെ കാര്യം ഇതുവരെ തെളിഞ്ഞിട്ടുണ്ടോ അങ്ങനെ തെളിയിച്ചിട്ടില്ലാതെ എന്തിനാണ് വിലക്കിയിരിക്കുന്നത്കുറച്ച് ഇന്റർവ്യൂ കളിലും പത്ര സമ്മേളനങ്ങളിലും വെറും ആരോപണങ്ങൾ ഉന്നയിക്കാതെ സത്യമാണെങ്കിൽ തെളിവുകൾ സഹിതം കാണിച്ചിട്ട് വിലക്കട്ടെ എന്നിട്ടാവമല്ലോ ഈ പ്രഹസനങ്ങൾ ഒക്കെ,neutral"
"ഷൈനോടൊപ്പം,neutral"
"നമ്മളെന്നും ഇതുപോലെ  പ്രേമിക്കാൻ ആരുമില്ലല്ലോ ദൈവമേ,neutral"
"മണിക്കൂറും അലക്കി കൊണ്ടിരിക്കുന്ന ഞാൻ കൈകഴുകാൻ അതും ഇതും തിന്നാനായിട്ട്,neutral"
"അവൻ മാത്രം  ചെയ്യുന്ന കമ്പ്യൂട്ടർ,neutral"
"അല്ലെങ്കിലും ഇപ്പോൾ    ആയിട്ടുള്ള ന്യൂജൻ പിള്ളേരുടെ    ഇങ്ങനെയാണ അവർ പറയുന്നത് സാധാരണക്കാർക്ക് മനസ്സിലാവില്ല  ആയിട്ട് പ്രതികരിക്കും എങ്കിലും ശരിക്കും ഉള്ളുകൊണ്ട് പാവങ്ങളാണ്,neutral"
"ചട്ടമ്പിനാട്,neutral"
"ജോലിക്ക് പോയ ഞാൻ മൊതലാളിയെ പറ്റിച്ച് പെരിന്തൽമണ്ണ സംഗീതയിൽ പോയി കണ്ടു എന്റെ പണി പോയി,neutral"
"ബുള്ളറ്റ് ഏത് മോഡൽ,neutral"
"വേറെ ചാനെൽ ഉണ്ടോ,neutral"
"ശരിയാക്കാം,neutral"
"ലക്ഷം   ലക്ഷം   ലക്ഷം സവാള കിലോ    പേടിച്ചില്ലേ,neutral"
"മോഹൻലാൽപടം മാത്രം അഭിപ്രായം പറഞ്ഞമദി,neutral"
"പക്ഷെ ബ്രോ ഇത്രേം ഫീച്ചേർസ് ഉള്ള സാംസങ് മൊബൈൽ നല്ല വിലവരും,neutral"
"ഇന്നെലെ വരെ ഷെയ്ൻ നെ  എന്തോ ദേഷ്യം ഉണ്ടാരുന്നു പക്ഷേ ഇവൻ സത്യം ആണ് പറയുന്നത് അത് കേട്ടാൽ അറിയാം  സിനിമയിൽ ഒരുപാടു വേറെ കളികൾ നടക്കുന്നുണ്ട് പയ്യനെ വെറുതെ     കഞ്ചാവ് എന്നൊക്കെ പറഞ്ഞു മോശമായി ചിത്രീകരിച്ചു  അത് എന്തും ആയിക്കോട്ടെ  ബാക്കി ഉള്ളവർ അത്ര മാന്യന്മാർ അല്ലല്ലോ,neutral"
"പൃഥ്‌വിരാജ് നെയും ആദ്യം ഒതുക്കാൻ നോക്കിയതാ  ഒതുങ്ങിയില്ല ഇപ്പൊ ഇവനെയും നട്ടെല്ലുള്ള ഒരുത്തനും ഒതുങ്ങില്ല,neutral"
"നിർമ്മാതാക്കൾ കുറെ ഉണ്ടാക്കാൻ നിക്കല്ലേ,neutral"
"അതിനല്ലേ കൂടെ ഒരു വടി,neutral"
"ഇത്തിരി ബുദ്ധിപരമായിട്ടൊ ഫിലോസോഫിക്കൽ ആയിട്ടോ എന്തെങ്കിലും പറഞ്ഞാൽ അപ്പൊ കഞ്ചാവ്വാക്കുന്ന ആൾക്കാരാണ് ഇപ്പൊ ഇവിടെ ഉള്ളത് കൗമുദി ചാനലിലെ ഇന്റർവ്യൂവിന് ശേഷം ഏതോ ചാനലിൽ ഒരു ഇന്റർവ്യൂ ഉണ്ടായിരുന്നുഒരുപാട് നല്ല നിലപാടുകളും കാഴ്ചപ്പാടുകളും ഉള്ള ആളാണെന്ന് അതിൽ നിന്ന് മനസിലായിപുള്ളി പറയുന്നത് ഉൾകൊള്ളാൻ പറ്റാത്തവരാണ്  കഞ്ചാവാണെന്നു പറഞ്ഞു നടക്കുന്നത് എന്നു തോന്നുന്നു,neutral"
"മാസ്സ് ആകാത്ത സ്ഥിതിക്ക് ഇനിയിപ്പോ ഒന്നും നോക്കണ്ട മലയാള ചരിത്രത്തിലെ ഇക്കാന്റെ മറ്റൊരു  ക്ലാസ് ചിത്രം എന്ന് പറഞ്ഞു നടക്കാം,neutral"
